problem_id,algorithm,heuristic,no_of_blocks,plan_found,plan_length,nodes_expanded,time_taken
bw-10-7268-1,astar,"{'name': 'nn_plact', 'nn': {'name': 'gms', 'arch': 'keras'}}",10,True,24,24,1.59
bw-10-7268-2,astar,"{'name': 'nn_plact', 'nn': {'name': 'gms', 'arch': 'keras'}}",10,True,40,2606,34.06
bw-10-7268-3,astar,"{'name': 'nn_plact', 'nn': {'name': 'gms', 'arch': 'keras'}}",10,True,28,137,3.31
bw-10-7268-4,astar,"{'name': 'nn_plact', 'nn': {'name': 'gms', 'arch': 'keras'}}",10,True,26,26,1.70
bw-10-7268-5,astar,"{'name': 'nn_plact', 'nn': {'name': 'gms', 'arch': 'keras'}}",10,True,24,35,1.76
bw-10-7268-6,astar,"{'name': 'nn_plact', 'nn': {'name': 'gms', 'arch': 'keras'}}",10,True,22,22,1.67
bw-10-7268-7,astar,"{'name': 'nn_plact', 'nn': {'name': 'gms', 'arch': 'keras'}}",10,True,20,196,3.28
bw-10-7268-8,astar,"{'name': 'nn_plact', 'nn': {'name': 'gms', 'arch': 'keras'}}",10,True,26,26,1.56
bw-10-7268-9,astar,"{'name': 'nn_plact', 'nn': {'name': 'gms', 'arch': 'keras'}}",10,True,28,35,1.69
bw-10-7268-10,astar,"{'name': 'nn_plact', 'nn': {'name': 'gms', 'arch': 'keras'}}",10,True,26,45,1.89
bw-10-7268-11,astar,"{'name': 'nn_plact', 'nn': {'name': 'gms', 'arch': 'keras'}}",10,True,26,26,1.67
bw-10-7268-12,astar,"{'name': 'nn_plact', 'nn': {'name': 'gms', 'arch': 'keras'}}",10,True,20,20,1.48
bw-10-7268-13,astar,"{'name': 'nn_plact', 'nn': {'name': 'gms', 'arch': 'keras'}}",10,True,18,18,1.56
bw-10-7268-14,astar,"{'name': 'nn_plact', 'nn': {'name': 'gms', 'arch': 'keras'}}",10,True,26,26,1.64
bw-10-7268-15,astar,"{'name': 'nn_plact', 'nn': {'name': 'gms', 'arch': 'keras'}}",10,True,24,24,1.54
bw-10-7268-16,astar,"{'name': 'nn_plact', 'nn': {'name': 'gms', 'arch': 'keras'}}",10,True,22,22,1.60
bw-10-7268-17,astar,"{'name': 'nn_plact', 'nn': {'name': 'gms', 'arch': 'keras'}}",10,True,22,22,1.85
bw-10-7268-18,astar,"{'name': 'nn_plact', 'nn': {'name': 'gms', 'arch': 'keras'}}",10,True,30,30,1.76
bw-10-7268-19,astar,"{'name': 'nn_plact', 'nn': {'name': 'gms', 'arch': 'keras'}}",10,True,26,26,1.79
bw-10-7268-20,astar,"{'name': 'nn_plact', 'nn': {'name': 'gms', 'arch': 'keras'}}",10,True,24,24,1.56
bw-10-7268-21,astar,"{'name': 'nn_plact', 'nn': {'name': 'gms', 'arch': 'keras'}}",10,True,28,46,2.00
bw-10-7268-22,astar,"{'name': 'nn_plact', 'nn': {'name': 'gms', 'arch': 'keras'}}",10,True,20,20,1.67
bw-10-7268-23,astar,"{'name': 'nn_plact', 'nn': {'name': 'gms', 'arch': 'keras'}}",10,True,26,28,1.65
bw-10-7268-24,astar,"{'name': 'nn_plact', 'nn': {'name': 'gms', 'arch': 'keras'}}",10,True,24,24,1.60
bw-10-7268-25,astar,"{'name': 'nn_plact', 'nn': {'name': 'gms', 'arch': 'keras'}}",10,True,22,22,1.76
bw-10-7268-26,astar,"{'name': 'nn_plact', 'nn': {'name': 'gms', 'arch': 'keras'}}",10,True,28,28,1.55
bw-10-7268-27,astar,"{'name': 'nn_plact', 'nn': {'name': 'gms', 'arch': 'keras'}}",10,True,18,18,1.56
bw-10-7268-28,astar,"{'name': 'nn_plact', 'nn': {'name': 'gms', 'arch': 'keras'}}",10,True,28,28,1.73
bw-10-7268-29,astar,"{'name': 'nn_plact', 'nn': {'name': 'gms', 'arch': 'keras'}}",10,True,28,54,2.10
bw-10-7268-30,astar,"{'name': 'nn_plact', 'nn': {'name': 'gms', 'arch': 'keras'}}",10,True,20,20,1.52
bw-10-7268-31,astar,"{'name': 'nn_plact', 'nn': {'name': 'gms', 'arch': 'keras'}}",10,True,30,30,1.86
bw-10-7268-32,astar,"{'name': 'nn_plact', 'nn': {'name': 'gms', 'arch': 'keras'}}",10,True,26,26,1.66
bw-10-7268-33,astar,"{'name': 'nn_plact', 'nn': {'name': 'gms', 'arch': 'keras'}}",10,True,18,18,1.60
bw-10-7268-34,astar,"{'name': 'nn_plact', 'nn': {'name': 'gms', 'arch': 'keras'}}",10,True,32,32,2.04
bw-10-7268-35,astar,"{'name': 'nn_plact', 'nn': {'name': 'gms', 'arch': 'keras'}}",10,True,28,28,1.95
bw-10-7268-36,astar,"{'name': 'nn_plact', 'nn': {'name': 'gms', 'arch': 'keras'}}",10,True,28,29,1.62
bw-10-7268-37,astar,"{'name': 'nn_plact', 'nn': {'name': 'gms', 'arch': 'keras'}}",10,True,30,34,1.71
bw-10-7268-38,astar,"{'name': 'nn_plact', 'nn': {'name': 'gms', 'arch': 'keras'}}",10,True,24,24,1.81
bw-10-7268-39,astar,"{'name': 'nn_plact', 'nn': {'name': 'gms', 'arch': 'keras'}}",10,True,20,20,1.67
bw-10-7268-40,astar,"{'name': 'nn_plact', 'nn': {'name': 'gms', 'arch': 'keras'}}",10,True,18,18,1.50
bw-10-7268-41,astar,"{'name': 'nn_plact', 'nn': {'name': 'gms', 'arch': 'keras'}}",10,True,20,20,1.56
bw-10-7268-42,astar,"{'name': 'nn_plact', 'nn': {'name': 'gms', 'arch': 'keras'}}",10,True,26,27,1.92
bw-10-7268-43,astar,"{'name': 'nn_plact', 'nn': {'name': 'gms', 'arch': 'keras'}}",10,True,22,22,1.53
bw-10-7268-44,astar,"{'name': 'nn_plact', 'nn': {'name': 'gms', 'arch': 'keras'}}",10,True,26,26,1.61
bw-10-7268-45,astar,"{'name': 'nn_plact', 'nn': {'name': 'gms', 'arch': 'keras'}}",10,True,24,26,1.59
bw-10-7268-46,astar,"{'name': 'nn_plact', 'nn': {'name': 'gms', 'arch': 'keras'}}",10,True,18,18,1.59
bw-10-7268-47,astar,"{'name': 'nn_plact', 'nn': {'name': 'gms', 'arch': 'keras'}}",10,True,30,30,1.68
bw-10-7268-48,astar,"{'name': 'nn_plact', 'nn': {'name': 'gms', 'arch': 'keras'}}",10,True,30,30,1.68
bw-10-7268-49,astar,"{'name': 'nn_plact', 'nn': {'name': 'gms', 'arch': 'keras'}}",10,True,34,34,1.69
bw-10-7268-50,astar,"{'name': 'nn_plact', 'nn': {'name': 'gms', 'arch': 'keras'}}",10,True,22,22,1.62
bw-10-7268-51,astar,"{'name': 'nn_plact', 'nn': {'name': 'gms', 'arch': 'keras'}}",10,True,26,27,1.65
bw-10-7268-52,astar,"{'name': 'nn_plact', 'nn': {'name': 'gms', 'arch': 'keras'}}",10,True,26,26,1.60
bw-10-7268-53,astar,"{'name': 'nn_plact', 'nn': {'name': 'gms', 'arch': 'keras'}}",10,True,24,24,1.76
bw-10-7268-54,astar,"{'name': 'nn_plact', 'nn': {'name': 'gms', 'arch': 'keras'}}",10,True,24,24,1.64
bw-10-7268-55,astar,"{'name': 'nn_plact', 'nn': {'name': 'gms', 'arch': 'keras'}}",10,True,18,18,1.72
bw-10-7268-56,astar,"{'name': 'nn_plact', 'nn': {'name': 'gms', 'arch': 'keras'}}",10,True,26,26,1.68
bw-10-7268-57,astar,"{'name': 'nn_plact', 'nn': {'name': 'gms', 'arch': 'keras'}}",10,True,24,24,1.68
bw-10-7268-58,astar,"{'name': 'nn_plact', 'nn': {'name': 'gms', 'arch': 'keras'}}",10,True,24,24,1.68
bw-10-7268-59,astar,"{'name': 'nn_plact', 'nn': {'name': 'gms', 'arch': 'keras'}}",10,True,16,16,1.43
bw-10-7268-60,astar,"{'name': 'nn_plact', 'nn': {'name': 'gms', 'arch': 'keras'}}",10,True,28,28,1.79
bw-11-6452-1,astar,"{'name': 'nn_plact', 'nn': {'name': 'gms', 'arch': 'keras'}}",11,True,34,34,1.75
bw-11-6452-2,astar,"{'name': 'nn_plact', 'nn': {'name': 'gms', 'arch': 'keras'}}",11,True,28,31,1.95
bw-11-6452-3,astar,"{'name': 'nn_plact', 'nn': {'name': 'gms', 'arch': 'keras'}}",11,True,22,22,1.57
bw-11-6452-4,astar,"{'name': 'nn_plact', 'nn': {'name': 'gms', 'arch': 'keras'}}",11,True,24,24,1.77
bw-11-6452-5,astar,"{'name': 'nn_plact', 'nn': {'name': 'gms', 'arch': 'keras'}}",11,True,28,28,1.78
bw-11-6452-6,astar,"{'name': 'nn_plact', 'nn': {'name': 'gms', 'arch': 'keras'}}",11,True,28,28,1.66
bw-11-6452-7,astar,"{'name': 'nn_plact', 'nn': {'name': 'gms', 'arch': 'keras'}}",11,True,30,30,1.83
bw-11-6452-8,astar,"{'name': 'nn_plact', 'nn': {'name': 'gms', 'arch': 'keras'}}",11,True,28,28,1.87
bw-11-6452-9,astar,"{'name': 'nn_plact', 'nn': {'name': 'gms', 'arch': 'keras'}}",11,True,26,26,1.76
bw-11-6452-10,astar,"{'name': 'nn_plact', 'nn': {'name': 'gms', 'arch': 'keras'}}",11,True,20,20,1.57
bw-11-6452-11,astar,"{'name': 'nn_plact', 'nn': {'name': 'gms', 'arch': 'keras'}}",11,True,28,28,1.81
bw-11-6452-12,astar,"{'name': 'nn_plact', 'nn': {'name': 'gms', 'arch': 'keras'}}",11,True,34,34,1.91
bw-11-6452-13,astar,"{'name': 'nn_plact', 'nn': {'name': 'gms', 'arch': 'keras'}}",11,True,28,28,1.91
bw-11-6452-14,astar,"{'name': 'nn_plact', 'nn': {'name': 'gms', 'arch': 'keras'}}",11,True,32,248,5.55
bw-11-6452-15,astar,"{'name': 'nn_plact', 'nn': {'name': 'gms', 'arch': 'keras'}}",11,True,12,12,1.42
bw-11-6452-16,astar,"{'name': 'nn_plact', 'nn': {'name': 'gms', 'arch': 'keras'}}",11,True,30,37,1.79
bw-11-6452-17,astar,"{'name': 'nn_plact', 'nn': {'name': 'gms', 'arch': 'keras'}}",11,True,34,35,1.89
bw-11-6452-18,astar,"{'name': 'nn_plact', 'nn': {'name': 'gms', 'arch': 'keras'}}",11,True,30,30,1.94
bw-11-6452-19,astar,"{'name': 'nn_plact', 'nn': {'name': 'gms', 'arch': 'keras'}}",11,True,24,24,1.57
bw-11-6452-20,astar,"{'name': 'nn_plact', 'nn': {'name': 'gms', 'arch': 'keras'}}",11,True,20,20,1.56
bw-11-6452-21,astar,"{'name': 'nn_plact', 'nn': {'name': 'gms', 'arch': 'keras'}}",11,True,28,28,1.69
bw-11-6452-22,astar,"{'name': 'nn_plact', 'nn': {'name': 'gms', 'arch': 'keras'}}",11,True,30,30,1.85
bw-11-6452-23,astar,"{'name': 'nn_plact', 'nn': {'name': 'gms', 'arch': 'keras'}}",11,True,16,16,1.65
bw-11-6452-24,astar,"{'name': 'nn_plact', 'nn': {'name': 'gms', 'arch': 'keras'}}",11,True,20,20,1.87
bw-11-6452-25,astar,"{'name': 'nn_plact', 'nn': {'name': 'gms', 'arch': 'keras'}}",11,True,26,26,1.67
bw-11-6452-26,astar,"{'name': 'nn_plact', 'nn': {'name': 'gms', 'arch': 'keras'}}",11,True,34,35,1.93
bw-11-6452-27,astar,"{'name': 'nn_plact', 'nn': {'name': 'gms', 'arch': 'keras'}}",11,True,28,28,1.76
bw-11-6452-28,astar,"{'name': 'nn_plact', 'nn': {'name': 'gms', 'arch': 'keras'}}",11,True,24,25,1.70
bw-11-6452-29,astar,"{'name': 'nn_plact', 'nn': {'name': 'gms', 'arch': 'keras'}}",11,True,30,35,1.91
bw-11-6452-30,astar,"{'name': 'nn_plact', 'nn': {'name': 'gms', 'arch': 'keras'}}",11,True,24,24,1.89
bw-11-6452-31,astar,"{'name': 'nn_plact', 'nn': {'name': 'gms', 'arch': 'keras'}}",11,True,34,303,6.08
bw-11-6452-32,astar,"{'name': 'nn_plact', 'nn': {'name': 'gms', 'arch': 'keras'}}",11,True,26,28,1.82
bw-11-6452-33,astar,"{'name': 'nn_plact', 'nn': {'name': 'gms', 'arch': 'keras'}}",11,True,22,22,1.55
bw-11-6452-34,astar,"{'name': 'nn_plact', 'nn': {'name': 'gms', 'arch': 'keras'}}",11,True,32,32,1.77
bw-11-6452-35,astar,"{'name': 'nn_plact', 'nn': {'name': 'gms', 'arch': 'keras'}}",11,True,30,1079,16.12
bw-11-6452-36,astar,"{'name': 'nn_plact', 'nn': {'name': 'gms', 'arch': 'keras'}}",11,True,26,26,1.70
bw-11-6452-37,astar,"{'name': 'nn_plact', 'nn': {'name': 'gms', 'arch': 'keras'}}",11,True,22,22,1.69
bw-11-6452-38,astar,"{'name': 'nn_plact', 'nn': {'name': 'gms', 'arch': 'keras'}}",11,True,34,34,1.82
bw-11-6452-39,astar,"{'name': 'nn_plact', 'nn': {'name': 'gms', 'arch': 'keras'}}",11,True,32,45,1.92
bw-11-6452-40,astar,"{'name': 'nn_plact', 'nn': {'name': 'gms', 'arch': 'keras'}}",11,True,26,26,1.60
bw-11-6452-41,astar,"{'name': 'nn_plact', 'nn': {'name': 'gms', 'arch': 'keras'}}",11,True,32,34,1.98
bw-11-6452-42,astar,"{'name': 'nn_plact', 'nn': {'name': 'gms', 'arch': 'keras'}}",11,True,40,148,3.43
bw-11-6452-43,astar,"{'name': 'nn_plact', 'nn': {'name': 'gms', 'arch': 'keras'}}",11,True,34,35,1.84
bw-11-6452-44,astar,"{'name': 'nn_plact', 'nn': {'name': 'gms', 'arch': 'keras'}}",11,True,32,32,1.86
bw-11-6452-45,astar,"{'name': 'nn_plact', 'nn': {'name': 'gms', 'arch': 'keras'}}",11,True,30,31,1.92
bw-11-6452-46,astar,"{'name': 'nn_plact', 'nn': {'name': 'gms', 'arch': 'keras'}}",11,True,32,35,2.05
bw-11-6452-47,astar,"{'name': 'nn_plact', 'nn': {'name': 'gms', 'arch': 'keras'}}",11,True,28,112,2.90
bw-11-6452-48,astar,"{'name': 'nn_plact', 'nn': {'name': 'gms', 'arch': 'keras'}}",11,True,32,32,1.94
bw-11-6452-49,astar,"{'name': 'nn_plact', 'nn': {'name': 'gms', 'arch': 'keras'}}",11,True,28,28,1.70
bw-11-6452-50,astar,"{'name': 'nn_plact', 'nn': {'name': 'gms', 'arch': 'keras'}}",11,True,34,34,1.79
bw-12-9546-1,astar,"{'name': 'nn_plact', 'nn': {'name': 'gms', 'arch': 'keras'}}",12,True,32,32,1.85
bw-12-9546-2,astar,"{'name': 'nn_plact', 'nn': {'name': 'gms', 'arch': 'keras'}}",12,True,32,36,1.96
bw-12-9546-3,astar,"{'name': 'nn_plact', 'nn': {'name': 'gms', 'arch': 'keras'}}",12,True,32,35,1.80
bw-12-9546-4,astar,"{'name': 'nn_plact', 'nn': {'name': 'gms', 'arch': 'keras'}}",12,True,34,34,2.05
bw-12-9546-5,astar,"{'name': 'nn_plact', 'nn': {'name': 'gms', 'arch': 'keras'}}",12,True,32,32,1.92
bw-12-9546-6,astar,"{'name': 'nn_plact', 'nn': {'name': 'gms', 'arch': 'keras'}}",12,True,30,32,2.13
bw-12-9546-7,astar,"{'name': 'nn_plact', 'nn': {'name': 'gms', 'arch': 'keras'}}",12,True,26,26,1.66
bw-12-9546-8,astar,"{'name': 'nn_plact', 'nn': {'name': 'gms', 'arch': 'keras'}}",12,True,26,277,6.35
bw-12-9546-9,astar,"{'name': 'nn_plact', 'nn': {'name': 'gms', 'arch': 'keras'}}",12,True,34,34,2.17
bw-12-9546-10,astar,"{'name': 'nn_plact', 'nn': {'name': 'gms', 'arch': 'keras'}}",12,True,38,38,2.12
bw-12-9546-11,astar,"{'name': 'nn_plact', 'nn': {'name': 'gms', 'arch': 'keras'}}",12,True,30,44,2.15
bw-12-9546-12,astar,"{'name': 'nn_plact', 'nn': {'name': 'gms', 'arch': 'keras'}}",12,True,32,32,1.99
bw-12-9546-13,astar,"{'name': 'nn_plact', 'nn': {'name': 'gms', 'arch': 'keras'}}",12,True,30,44,2.26
bw-12-9546-14,astar,"{'name': 'nn_plact', 'nn': {'name': 'gms', 'arch': 'keras'}}",12,True,28,28,1.84
bw-12-9546-15,astar,"{'name': 'nn_plact', 'nn': {'name': 'gms', 'arch': 'keras'}}",12,True,22,22,1.75
bw-12-9546-16,astar,"{'name': 'nn_plact', 'nn': {'name': 'gms', 'arch': 'keras'}}",12,True,32,128,3.04
bw-12-9546-17,astar,"{'name': 'nn_plact', 'nn': {'name': 'gms', 'arch': 'keras'}}",12,True,28,28,1.76
bw-12-9546-18,astar,"{'name': 'nn_plact', 'nn': {'name': 'gms', 'arch': 'keras'}}",12,True,30,30,2.08
bw-12-9546-19,astar,"{'name': 'nn_plact', 'nn': {'name': 'gms', 'arch': 'keras'}}",12,True,30,30,2.05
bw-12-9546-20,astar,"{'name': 'nn_plact', 'nn': {'name': 'gms', 'arch': 'keras'}}",12,True,28,28,1.96
bw-12-9546-21,astar,"{'name': 'nn_plact', 'nn': {'name': 'gms', 'arch': 'keras'}}",12,True,30,30,1.72
bw-12-9546-22,astar,"{'name': 'nn_plact', 'nn': {'name': 'gms', 'arch': 'keras'}}",12,True,30,31,1.98
bw-12-9546-23,astar,"{'name': 'nn_plact', 'nn': {'name': 'gms', 'arch': 'keras'}}",12,True,32,32,1.91
bw-12-9546-24,astar,"{'name': 'nn_plact', 'nn': {'name': 'gms', 'arch': 'keras'}}",12,True,34,34,1.78
bw-12-9546-25,astar,"{'name': 'nn_plact', 'nn': {'name': 'gms', 'arch': 'keras'}}",12,True,40,56,2.52
bw-12-9546-26,astar,"{'name': 'nn_plact', 'nn': {'name': 'gms', 'arch': 'keras'}}",12,True,30,30,1.83
bw-12-9546-27,astar,"{'name': 'nn_plact', 'nn': {'name': 'gms', 'arch': 'keras'}}",12,True,42,73,2.56
bw-12-9546-28,astar,"{'name': 'nn_plact', 'nn': {'name': 'gms', 'arch': 'keras'}}",12,True,36,220,5.47
bw-12-9546-29,astar,"{'name': 'nn_plact', 'nn': {'name': 'gms', 'arch': 'keras'}}",12,True,28,28,1.90
bw-12-9546-30,astar,"{'name': 'nn_plact', 'nn': {'name': 'gms', 'arch': 'keras'}}",12,True,26,129,3.48
bw-12-9546-31,astar,"{'name': 'nn_plact', 'nn': {'name': 'gms', 'arch': 'keras'}}",12,True,30,30,2.01
bw-12-9546-32,astar,"{'name': 'nn_plact', 'nn': {'name': 'gms', 'arch': 'keras'}}",12,True,30,30,1.94
bw-12-9546-33,astar,"{'name': 'nn_plact', 'nn': {'name': 'gms', 'arch': 'keras'}}",12,True,28,28,1.72
bw-12-9546-34,astar,"{'name': 'nn_plact', 'nn': {'name': 'gms', 'arch': 'keras'}}",12,True,32,32,1.94
bw-12-9546-35,astar,"{'name': 'nn_plact', 'nn': {'name': 'gms', 'arch': 'keras'}}",12,True,32,159,4.07
bw-12-9546-36,astar,"{'name': 'nn_plact', 'nn': {'name': 'gms', 'arch': 'keras'}}",12,True,32,32,2.02
bw-12-9546-37,astar,"{'name': 'nn_plact', 'nn': {'name': 'gms', 'arch': 'keras'}}",12,True,32,32,2.01
bw-12-9546-38,astar,"{'name': 'nn_plact', 'nn': {'name': 'gms', 'arch': 'keras'}}",12,True,30,30,1.86
bw-12-9546-39,astar,"{'name': 'nn_plact', 'nn': {'name': 'gms', 'arch': 'keras'}}",12,True,32,32,1.98
bw-12-9546-40,astar,"{'name': 'nn_plact', 'nn': {'name': 'gms', 'arch': 'keras'}}",12,True,34,34,1.97
bw-12-9546-41,astar,"{'name': 'nn_plact', 'nn': {'name': 'gms', 'arch': 'keras'}}",12,True,34,65,2.24
bw-12-9546-42,astar,"{'name': 'nn_plact', 'nn': {'name': 'gms', 'arch': 'keras'}}",12,True,34,34,1.83
bw-12-9546-43,astar,"{'name': 'nn_plact', 'nn': {'name': 'gms', 'arch': 'keras'}}",12,True,34,66,2.47
bw-12-9546-44,astar,"{'name': 'nn_plact', 'nn': {'name': 'gms', 'arch': 'keras'}}",12,True,40,40,1.90
bw-12-9546-45,astar,"{'name': 'nn_plact', 'nn': {'name': 'gms', 'arch': 'keras'}}",12,True,30,32,1.84
bw-12-9546-46,astar,"{'name': 'nn_plact', 'nn': {'name': 'gms', 'arch': 'keras'}}",12,True,34,34,2.05
bw-12-9546-47,astar,"{'name': 'nn_plact', 'nn': {'name': 'gms', 'arch': 'keras'}}",12,True,22,22,1.79
bw-12-9546-48,astar,"{'name': 'nn_plact', 'nn': {'name': 'gms', 'arch': 'keras'}}",12,True,36,806,14.78
bw-12-9546-49,astar,"{'name': 'nn_plact', 'nn': {'name': 'gms', 'arch': 'keras'}}",12,True,34,38,2.12
bw-12-9546-50,astar,"{'name': 'nn_plact', 'nn': {'name': 'gms', 'arch': 'keras'}}",12,True,36,36,1.94
bw-13-2654-1,astar,"{'name': 'nn_plact', 'nn': {'name': 'gms', 'arch': 'keras'}}",13,True,30,30,1.80
bw-13-2654-2,astar,"{'name': 'nn_plact', 'nn': {'name': 'gms', 'arch': 'keras'}}",13,True,40,40,2.01
bw-13-2654-3,astar,"{'name': 'nn_plact', 'nn': {'name': 'gms', 'arch': 'keras'}}",13,True,38,38,2.30
bw-13-2654-4,astar,"{'name': 'nn_plact', 'nn': {'name': 'gms', 'arch': 'keras'}}",13,True,34,34,2.22
bw-13-2654-5,astar,"{'name': 'nn_plact', 'nn': {'name': 'gms', 'arch': 'keras'}}",13,True,38,42,1.93
bw-13-2654-6,astar,"{'name': 'nn_plact', 'nn': {'name': 'gms', 'arch': 'keras'}}",13,True,30,32,1.79
bw-13-2654-7,astar,"{'name': 'nn_plact', 'nn': {'name': 'gms', 'arch': 'keras'}}",13,True,40,46,2.11
bw-13-2654-8,astar,"{'name': 'nn_plact', 'nn': {'name': 'gms', 'arch': 'keras'}}",13,True,42,811,13.79
bw-13-2654-9,astar,"{'name': 'nn_plact', 'nn': {'name': 'gms', 'arch': 'keras'}}",13,True,30,32,2.10
bw-13-2654-10,astar,"{'name': 'nn_plact', 'nn': {'name': 'gms', 'arch': 'keras'}}",13,True,38,38,2.18
bw-13-2654-11,astar,"{'name': 'nn_plact', 'nn': {'name': 'gms', 'arch': 'keras'}}",13,True,22,22,1.54
bw-13-2654-12,astar,"{'name': 'nn_plact', 'nn': {'name': 'gms', 'arch': 'keras'}}",13,True,54,7158,108.82
bw-13-2654-13,astar,"{'name': 'nn_plact', 'nn': {'name': 'gms', 'arch': 'keras'}}",13,True,26,26,1.75
bw-13-2654-14,astar,"{'name': 'nn_plact', 'nn': {'name': 'gms', 'arch': 'keras'}}",13,True,30,30,1.97
bw-13-2654-15,astar,"{'name': 'nn_plact', 'nn': {'name': 'gms', 'arch': 'keras'}}",13,True,34,52,2.28
bw-13-2654-16,astar,"{'name': 'nn_plact', 'nn': {'name': 'gms', 'arch': 'keras'}}",13,True,38,38,2.11
bw-13-2654-17,astar,"{'name': 'nn_plact', 'nn': {'name': 'gms', 'arch': 'keras'}}",13,True,36,36,1.95
bw-13-2654-18,astar,"{'name': 'nn_plact', 'nn': {'name': 'gms', 'arch': 'keras'}}",13,True,38,59,2.86
bw-13-2654-19,astar,"{'name': 'nn_plact', 'nn': {'name': 'gms', 'arch': 'keras'}}",13,True,38,67,2.73
bw-13-2654-20,astar,"{'name': 'nn_plact', 'nn': {'name': 'gms', 'arch': 'keras'}}",13,True,28,29,2.02
bw-13-2654-21,astar,"{'name': 'nn_plact', 'nn': {'name': 'gms', 'arch': 'keras'}}",13,True,32,34,2.09
bw-13-2654-22,astar,"{'name': 'nn_plact', 'nn': {'name': 'gms', 'arch': 'keras'}}",13,True,20,21,1.60
bw-13-2654-23,astar,"{'name': 'nn_plact', 'nn': {'name': 'gms', 'arch': 'keras'}}",13,True,36,36,2.11
bw-13-2654-24,astar,"{'name': 'nn_plact', 'nn': {'name': 'gms', 'arch': 'keras'}}",13,True,32,32,2.07
bw-13-2654-25,astar,"{'name': 'nn_plact', 'nn': {'name': 'gms', 'arch': 'keras'}}",13,True,26,26,1.78
bw-13-2654-26,astar,"{'name': 'nn_plact', 'nn': {'name': 'gms', 'arch': 'keras'}}",13,True,30,47,2.35
bw-13-2654-27,astar,"{'name': 'nn_plact', 'nn': {'name': 'gms', 'arch': 'keras'}}",13,True,32,32,2.04
bw-13-2654-28,astar,"{'name': 'nn_plact', 'nn': {'name': 'gms', 'arch': 'keras'}}",13,True,32,34,2.01
bw-13-2654-29,astar,"{'name': 'nn_plact', 'nn': {'name': 'gms', 'arch': 'keras'}}",13,True,42,42,2.13
bw-13-2654-30,astar,"{'name': 'nn_plact', 'nn': {'name': 'gms', 'arch': 'keras'}}",13,True,28,28,1.75
bw-13-2654-31,astar,"{'name': 'nn_plact', 'nn': {'name': 'gms', 'arch': 'keras'}}",13,True,26,26,1.78
bw-13-2654-32,astar,"{'name': 'nn_plact', 'nn': {'name': 'gms', 'arch': 'keras'}}",13,True,26,31,1.73
bw-13-2654-33,astar,"{'name': 'nn_plact', 'nn': {'name': 'gms', 'arch': 'keras'}}",13,True,42,42,2.16
bw-13-2654-34,astar,"{'name': 'nn_plact', 'nn': {'name': 'gms', 'arch': 'keras'}}",13,True,34,34,2.01
bw-13-2654-35,astar,"{'name': 'nn_plact', 'nn': {'name': 'gms', 'arch': 'keras'}}",13,True,34,34,1.96
bw-13-2654-36,astar,"{'name': 'nn_plact', 'nn': {'name': 'gms', 'arch': 'keras'}}",13,True,30,30,1.97
bw-13-2654-37,astar,"{'name': 'nn_plact', 'nn': {'name': 'gms', 'arch': 'keras'}}",13,True,32,468,8.93
bw-13-2654-38,astar,"{'name': 'nn_plact', 'nn': {'name': 'gms', 'arch': 'keras'}}",13,True,32,32,2.04
bw-13-2654-39,astar,"{'name': 'nn_plact', 'nn': {'name': 'gms', 'arch': 'keras'}}",13,True,24,24,1.60
bw-13-2654-40,astar,"{'name': 'nn_plact', 'nn': {'name': 'gms', 'arch': 'keras'}}",13,True,38,39,2.20
bw-13-2654-41,astar,"{'name': 'nn_plact', 'nn': {'name': 'gms', 'arch': 'keras'}}",13,True,36,37,2.25
bw-13-2654-42,astar,"{'name': 'nn_plact', 'nn': {'name': 'gms', 'arch': 'keras'}}",13,True,26,26,1.80
bw-13-2654-43,astar,"{'name': 'nn_plact', 'nn': {'name': 'gms', 'arch': 'keras'}}",13,True,36,37,2.04
bw-13-2654-44,astar,"{'name': 'nn_plact', 'nn': {'name': 'gms', 'arch': 'keras'}}",13,True,32,32,1.95
bw-13-2654-45,astar,"{'name': 'nn_plact', 'nn': {'name': 'gms', 'arch': 'keras'}}",13,True,38,39,2.17
bw-13-2654-46,astar,"{'name': 'nn_plact', 'nn': {'name': 'gms', 'arch': 'keras'}}",13,True,36,36,2.20
bw-13-2654-47,astar,"{'name': 'nn_plact', 'nn': {'name': 'gms', 'arch': 'keras'}}",13,True,34,34,2.02
bw-13-2654-48,astar,"{'name': 'nn_plact', 'nn': {'name': 'gms', 'arch': 'keras'}}",13,True,36,36,1.96
bw-13-2654-49,astar,"{'name': 'nn_plact', 'nn': {'name': 'gms', 'arch': 'keras'}}",13,True,32,33,2.04
bw-13-2654-50,astar,"{'name': 'nn_plact', 'nn': {'name': 'gms', 'arch': 'keras'}}",13,True,36,43,2.36
bw-14-9843-1,astar,"{'name': 'nn_plact', 'nn': {'name': 'gms', 'arch': 'keras'}}",14,True,46,967,16.79
bw-14-9843-2,astar,"{'name': 'nn_plact', 'nn': {'name': 'gms', 'arch': 'keras'}}",14,True,40,40,2.10
bw-14-9843-3,astar,"{'name': 'nn_plact', 'nn': {'name': 'gms', 'arch': 'keras'}}",14,True,28,28,2.13
bw-14-9843-4,astar,"{'name': 'nn_plact', 'nn': {'name': 'gms', 'arch': 'keras'}}",14,True,40,40,2.37
bw-14-9843-5,astar,"{'name': 'nn_plact', 'nn': {'name': 'gms', 'arch': 'keras'}}",14,True,42,42,2.23
bw-14-9843-6,astar,"{'name': 'nn_plact', 'nn': {'name': 'gms', 'arch': 'keras'}}",14,True,38,40,2.22
bw-14-9843-7,astar,"{'name': 'nn_plact', 'nn': {'name': 'gms', 'arch': 'keras'}}",14,True,38,39,2.15
bw-14-9843-8,astar,"{'name': 'nn_plact', 'nn': {'name': 'gms', 'arch': 'keras'}}",14,True,38,164,4.65
bw-14-9843-9,astar,"{'name': 'nn_plact', 'nn': {'name': 'gms', 'arch': 'keras'}}",14,True,40,46,2.44
bw-14-9843-10,astar,"{'name': 'nn_plact', 'nn': {'name': 'gms', 'arch': 'keras'}}",14,True,48,49,2.55
bw-14-9843-11,astar,"{'name': 'nn_plact', 'nn': {'name': 'gms', 'arch': 'keras'}}",14,True,38,600,9.87
bw-14-9843-12,astar,"{'name': 'nn_plact', 'nn': {'name': 'gms', 'arch': 'keras'}}",14,True,36,36,2.09
bw-14-9843-13,astar,"{'name': 'nn_plact', 'nn': {'name': 'gms', 'arch': 'keras'}}",14,True,36,36,2.21
bw-14-9843-14,astar,"{'name': 'nn_plact', 'nn': {'name': 'gms', 'arch': 'keras'}}",14,True,42,42,2.36
bw-14-9843-15,astar,"{'name': 'nn_plact', 'nn': {'name': 'gms', 'arch': 'keras'}}",14,True,40,40,2.01
bw-14-9843-16,astar,"{'name': 'nn_plact', 'nn': {'name': 'gms', 'arch': 'keras'}}",14,True,32,32,1.92
bw-14-9843-17,astar,"{'name': 'nn_plact', 'nn': {'name': 'gms', 'arch': 'keras'}}",14,True,36,36,1.99
bw-14-9843-18,astar,"{'name': 'nn_plact', 'nn': {'name': 'gms', 'arch': 'keras'}}",14,True,36,39,2.34
bw-14-9843-19,astar,"{'name': 'nn_plact', 'nn': {'name': 'gms', 'arch': 'keras'}}",14,True,40,128,3.50
bw-14-9843-20,astar,"{'name': 'nn_plact', 'nn': {'name': 'gms', 'arch': 'keras'}}",14,True,30,31,1.90
bw-14-9843-21,astar,"{'name': 'nn_plact', 'nn': {'name': 'gms', 'arch': 'keras'}}",14,True,46,874,19.42
bw-14-9843-22,astar,"{'name': 'nn_plact', 'nn': {'name': 'gms', 'arch': 'keras'}}",14,True,36,36,2.26
bw-14-9843-23,astar,"{'name': 'nn_plact', 'nn': {'name': 'gms', 'arch': 'keras'}}",14,True,46,404,9.82
bw-14-9843-24,astar,"{'name': 'nn_plact', 'nn': {'name': 'gms', 'arch': 'keras'}}",14,True,40,40,2.37
bw-14-9843-25,astar,"{'name': 'nn_plact', 'nn': {'name': 'gms', 'arch': 'keras'}}",14,True,30,32,2.18
bw-14-9843-26,astar,"{'name': 'nn_plact', 'nn': {'name': 'gms', 'arch': 'keras'}}",14,True,42,44,2.50
bw-14-9843-27,astar,"{'name': 'nn_plact', 'nn': {'name': 'gms', 'arch': 'keras'}}",14,True,38,91,3.57
bw-14-9843-28,astar,"{'name': 'nn_plact', 'nn': {'name': 'gms', 'arch': 'keras'}}",14,True,34,432,10.81
bw-14-9843-29,astar,"{'name': 'nn_plact', 'nn': {'name': 'gms', 'arch': 'keras'}}",14,True,38,82,2.95
bw-14-9843-30,astar,"{'name': 'nn_plact', 'nn': {'name': 'gms', 'arch': 'keras'}}",14,True,34,34,2.31
bw-14-9843-31,astar,"{'name': 'nn_plact', 'nn': {'name': 'gms', 'arch': 'keras'}}",14,True,32,32,2.11
bw-14-9843-32,astar,"{'name': 'nn_plact', 'nn': {'name': 'gms', 'arch': 'keras'}}",14,True,48,48,2.33
bw-14-9843-33,astar,"{'name': 'nn_plact', 'nn': {'name': 'gms', 'arch': 'keras'}}",14,True,36,36,2.13
bw-14-9843-34,astar,"{'name': 'nn_plact', 'nn': {'name': 'gms', 'arch': 'keras'}}",14,True,40,40,2.04
bw-14-9843-35,astar,"{'name': 'nn_plact', 'nn': {'name': 'gms', 'arch': 'keras'}}",14,True,32,32,2.04
bw-14-9843-36,astar,"{'name': 'nn_plact', 'nn': {'name': 'gms', 'arch': 'keras'}}",14,True,34,34,2.04
bw-14-9843-37,astar,"{'name': 'nn_plact', 'nn': {'name': 'gms', 'arch': 'keras'}}",14,True,36,36,2.39
bw-14-9843-38,astar,"{'name': 'nn_plact', 'nn': {'name': 'gms', 'arch': 'keras'}}",14,True,34,34,1.89
bw-14-9843-39,astar,"{'name': 'nn_plact', 'nn': {'name': 'gms', 'arch': 'keras'}}",14,True,38,38,2.17
bw-14-9843-40,astar,"{'name': 'nn_plact', 'nn': {'name': 'gms', 'arch': 'keras'}}",14,True,44,57,2.56
bw-14-9843-41,astar,"{'name': 'nn_plact', 'nn': {'name': 'gms', 'arch': 'keras'}}",14,True,20,20,1.91
bw-14-9843-42,astar,"{'name': 'nn_plact', 'nn': {'name': 'gms', 'arch': 'keras'}}",14,True,38,80,2.75
bw-14-9843-43,astar,"{'name': 'nn_plact', 'nn': {'name': 'gms', 'arch': 'keras'}}",14,False,0,0,300.00
bw-14-9843-44,astar,"{'name': 'nn_plact', 'nn': {'name': 'gms', 'arch': 'keras'}}",14,True,28,30,2.04
bw-14-9843-45,astar,"{'name': 'nn_plact', 'nn': {'name': 'gms', 'arch': 'keras'}}",14,True,38,38,2.09
bw-14-9843-46,astar,"{'name': 'nn_plact', 'nn': {'name': 'gms', 'arch': 'keras'}}",14,True,40,40,2.43
bw-14-9843-47,astar,"{'name': 'nn_plact', 'nn': {'name': 'gms', 'arch': 'keras'}}",14,True,34,34,1.98
bw-14-9843-48,astar,"{'name': 'nn_plact', 'nn': {'name': 'gms', 'arch': 'keras'}}",14,True,36,37,2.34
bw-14-9843-49,astar,"{'name': 'nn_plact', 'nn': {'name': 'gms', 'arch': 'keras'}}",14,True,34,35,2.20
bw-14-9843-50,astar,"{'name': 'nn_plact', 'nn': {'name': 'gms', 'arch': 'keras'}}",14,True,44,44,2.43
bw-15-4678-1,astar,"{'name': 'nn_plact', 'nn': {'name': 'gms', 'arch': 'keras'}}",15,True,44,44,2.68
bw-15-4678-2,astar,"{'name': 'nn_plact', 'nn': {'name': 'gms', 'arch': 'keras'}}",15,True,46,46,2.47
bw-15-4678-3,astar,"{'name': 'nn_plact', 'nn': {'name': 'gms', 'arch': 'keras'}}",15,True,42,44,2.28
bw-15-4678-4,astar,"{'name': 'nn_plact', 'nn': {'name': 'gms', 'arch': 'keras'}}",15,True,36,36,2.11
bw-15-4678-5,astar,"{'name': 'nn_plact', 'nn': {'name': 'gms', 'arch': 'keras'}}",15,True,42,42,2.46
bw-15-4678-6,astar,"{'name': 'nn_plact', 'nn': {'name': 'gms', 'arch': 'keras'}}",15,True,42,42,2.44
bw-15-4678-7,astar,"{'name': 'nn_plact', 'nn': {'name': 'gms', 'arch': 'keras'}}",15,True,34,34,2.42
bw-15-4678-8,astar,"{'name': 'nn_plact', 'nn': {'name': 'gms', 'arch': 'keras'}}",15,True,48,48,2.50
bw-15-4678-9,astar,"{'name': 'nn_plact', 'nn': {'name': 'gms', 'arch': 'keras'}}",15,True,34,34,2.26
bw-15-4678-10,astar,"{'name': 'nn_plact', 'nn': {'name': 'gms', 'arch': 'keras'}}",15,True,40,40,2.26
bw-15-4678-11,astar,"{'name': 'nn_plact', 'nn': {'name': 'gms', 'arch': 'keras'}}",15,True,38,38,2.51
bw-15-4678-12,astar,"{'name': 'nn_plact', 'nn': {'name': 'gms', 'arch': 'keras'}}",15,True,42,45,2.63
bw-15-4678-13,astar,"{'name': 'nn_plact', 'nn': {'name': 'gms', 'arch': 'keras'}}",15,False,0,0,300.01
bw-15-4678-14,astar,"{'name': 'nn_plact', 'nn': {'name': 'gms', 'arch': 'keras'}}",15,True,38,38,2.50
bw-15-4678-15,astar,"{'name': 'nn_plact', 'nn': {'name': 'gms', 'arch': 'keras'}}",15,True,46,47,2.48
bw-15-4678-16,astar,"{'name': 'nn_plact', 'nn': {'name': 'gms', 'arch': 'keras'}}",15,True,32,32,2.09
bw-15-4678-17,astar,"{'name': 'nn_plact', 'nn': {'name': 'gms', 'arch': 'keras'}}",15,True,38,38,2.18
bw-15-4678-18,astar,"{'name': 'nn_plact', 'nn': {'name': 'gms', 'arch': 'keras'}}",15,True,38,40,2.14
bw-15-4678-19,astar,"{'name': 'nn_plact', 'nn': {'name': 'gms', 'arch': 'keras'}}",15,True,42,42,2.26
bw-15-4678-20,astar,"{'name': 'nn_plact', 'nn': {'name': 'gms', 'arch': 'keras'}}",15,True,36,36,2.12
bw-15-4678-21,astar,"{'name': 'nn_plact', 'nn': {'name': 'gms', 'arch': 'keras'}}",15,True,48,48,2.74
bw-15-4678-22,astar,"{'name': 'nn_plact', 'nn': {'name': 'gms', 'arch': 'keras'}}",15,True,44,78,3.27
bw-15-4678-23,astar,"{'name': 'nn_plact', 'nn': {'name': 'gms', 'arch': 'keras'}}",15,True,48,48,2.80
bw-15-4678-24,astar,"{'name': 'nn_plact', 'nn': {'name': 'gms', 'arch': 'keras'}}",15,True,44,45,2.57
bw-15-4678-25,astar,"{'name': 'nn_plact', 'nn': {'name': 'gms', 'arch': 'keras'}}",15,True,36,36,2.44
bw-15-4678-26,astar,"{'name': 'nn_plact', 'nn': {'name': 'gms', 'arch': 'keras'}}",15,True,38,38,2.19
bw-15-4678-27,astar,"{'name': 'nn_plact', 'nn': {'name': 'gms', 'arch': 'keras'}}",15,True,38,38,2.29
bw-15-4678-28,astar,"{'name': 'nn_plact', 'nn': {'name': 'gms', 'arch': 'keras'}}",15,True,42,1189,20.95
bw-15-4678-29,astar,"{'name': 'nn_plact', 'nn': {'name': 'gms', 'arch': 'keras'}}",15,True,38,39,2.39
bw-15-4678-30,astar,"{'name': 'nn_plact', 'nn': {'name': 'gms', 'arch': 'keras'}}",15,True,32,32,1.97
bw-15-4678-31,astar,"{'name': 'nn_plact', 'nn': {'name': 'gms', 'arch': 'keras'}}",15,False,0,0,300.00
bw-15-4678-32,astar,"{'name': 'nn_plact', 'nn': {'name': 'gms', 'arch': 'keras'}}",15,True,42,42,2.43
bw-15-4678-33,astar,"{'name': 'nn_plact', 'nn': {'name': 'gms', 'arch': 'keras'}}",15,True,40,40,2.27
bw-15-4678-34,astar,"{'name': 'nn_plact', 'nn': {'name': 'gms', 'arch': 'keras'}}",15,True,36,37,2.22
bw-15-4678-35,astar,"{'name': 'nn_plact', 'nn': {'name': 'gms', 'arch': 'keras'}}",15,True,44,58,3.15
bw-15-4678-36,astar,"{'name': 'nn_plact', 'nn': {'name': 'gms', 'arch': 'keras'}}",15,True,42,45,2.43
bw-15-4678-37,astar,"{'name': 'nn_plact', 'nn': {'name': 'gms', 'arch': 'keras'}}",15,True,42,42,2.39
bw-15-4678-38,astar,"{'name': 'nn_plact', 'nn': {'name': 'gms', 'arch': 'keras'}}",15,True,40,40,2.47
bw-15-4678-39,astar,"{'name': 'nn_plact', 'nn': {'name': 'gms', 'arch': 'keras'}}",15,True,44,45,2.56
bw-15-4678-40,astar,"{'name': 'nn_plact', 'nn': {'name': 'gms', 'arch': 'keras'}}",15,True,46,81,3.06
bw-15-4678-41,astar,"{'name': 'nn_plact', 'nn': {'name': 'gms', 'arch': 'keras'}}",15,True,38,38,2.25
bw-15-4678-42,astar,"{'name': 'nn_plact', 'nn': {'name': 'gms', 'arch': 'keras'}}",15,True,36,40,2.51
bw-15-4678-43,astar,"{'name': 'nn_plact', 'nn': {'name': 'gms', 'arch': 'keras'}}",15,True,40,294,5.89
bw-15-4678-44,astar,"{'name': 'nn_plact', 'nn': {'name': 'gms', 'arch': 'keras'}}",15,True,40,40,2.56
bw-15-4678-45,astar,"{'name': 'nn_plact', 'nn': {'name': 'gms', 'arch': 'keras'}}",15,True,40,40,2.29
bw-15-4678-46,astar,"{'name': 'nn_plact', 'nn': {'name': 'gms', 'arch': 'keras'}}",15,True,34,95,3.45
bw-15-4678-47,astar,"{'name': 'nn_plact', 'nn': {'name': 'gms', 'arch': 'keras'}}",15,True,38,78,3.74
bw-15-4678-48,astar,"{'name': 'nn_plact', 'nn': {'name': 'gms', 'arch': 'keras'}}",15,True,30,36,2.16
bw-15-4678-49,astar,"{'name': 'nn_plact', 'nn': {'name': 'gms', 'arch': 'keras'}}",15,True,40,46,2.66
bw-15-4678-50,astar,"{'name': 'nn_plact', 'nn': {'name': 'gms', 'arch': 'keras'}}",15,True,44,45,2.77
bw-3-9804-1,astar,"{'name': 'nn_plact', 'nn': {'name': 'gms', 'arch': 'keras'}}",3,True,2,2,1.10
bw-3-9804-2,astar,"{'name': 'nn_plact', 'nn': {'name': 'gms', 'arch': 'keras'}}",3,True,6,6,1.14
bw-3-9804-3,astar,"{'name': 'nn_plact', 'nn': {'name': 'gms', 'arch': 'keras'}}",3,True,2,2,1.09
bw-3-9804-4,astar,"{'name': 'nn_plact', 'nn': {'name': 'gms', 'arch': 'keras'}}",3,True,6,6,1.14
bw-3-9804-5,astar,"{'name': 'nn_plact', 'nn': {'name': 'gms', 'arch': 'keras'}}",3,True,6,6,1.14
bw-3-9804-6,astar,"{'name': 'nn_plact', 'nn': {'name': 'gms', 'arch': 'keras'}}",3,True,4,4,1.13
bw-3-9804-7,astar,"{'name': 'nn_plact', 'nn': {'name': 'gms', 'arch': 'keras'}}",3,True,4,4,1.12
bw-3-9804-8,astar,"{'name': 'nn_plact', 'nn': {'name': 'gms', 'arch': 'keras'}}",3,True,6,6,1.13
bw-3-9804-9,astar,"{'name': 'nn_plact', 'nn': {'name': 'gms', 'arch': 'keras'}}",3,True,8,8,1.16
bw-3-9804-10,astar,"{'name': 'nn_plact', 'nn': {'name': 'gms', 'arch': 'keras'}}",3,True,4,4,1.16
bw-3-9804-11,astar,"{'name': 'nn_plact', 'nn': {'name': 'gms', 'arch': 'keras'}}",3,True,6,6,1.12
bw-3-9804-12,astar,"{'name': 'nn_plact', 'nn': {'name': 'gms', 'arch': 'keras'}}",3,True,8,8,1.32
bw-3-9804-13,astar,"{'name': 'nn_plact', 'nn': {'name': 'gms', 'arch': 'keras'}}",3,True,6,6,1.24
bw-3-9804-14,astar,"{'name': 'nn_plact', 'nn': {'name': 'gms', 'arch': 'keras'}}",3,True,6,6,1.16
bw-3-9804-15,astar,"{'name': 'nn_plact', 'nn': {'name': 'gms', 'arch': 'keras'}}",3,True,6,6,1.13
bw-3-9804-16,astar,"{'name': 'nn_plact', 'nn': {'name': 'gms', 'arch': 'keras'}}",3,True,2,2,1.11
bw-3-9804-17,astar,"{'name': 'nn_plact', 'nn': {'name': 'gms', 'arch': 'keras'}}",3,True,4,4,1.12
bw-3-9804-18,astar,"{'name': 'nn_plact', 'nn': {'name': 'gms', 'arch': 'keras'}}",3,True,8,8,1.18
bw-3-9804-19,astar,"{'name': 'nn_plact', 'nn': {'name': 'gms', 'arch': 'keras'}}",3,True,6,6,1.14
bw-3-9804-20,astar,"{'name': 'nn_plact', 'nn': {'name': 'gms', 'arch': 'keras'}}",3,True,4,4,1.13
bw-3-9804-21,astar,"{'name': 'nn_plact', 'nn': {'name': 'gms', 'arch': 'keras'}}",3,True,4,4,1.14
bw-3-9804-22,astar,"{'name': 'nn_plact', 'nn': {'name': 'gms', 'arch': 'keras'}}",3,True,8,8,1.15
bw-3-9804-23,astar,"{'name': 'nn_plact', 'nn': {'name': 'gms', 'arch': 'keras'}}",3,True,6,6,1.28
bw-3-9804-24,astar,"{'name': 'nn_plact', 'nn': {'name': 'gms', 'arch': 'keras'}}",3,True,8,8,1.16
bw-3-9804-25,astar,"{'name': 'nn_plact', 'nn': {'name': 'gms', 'arch': 'keras'}}",3,True,8,8,1.15
bw-3-9804-26,astar,"{'name': 'nn_plact', 'nn': {'name': 'gms', 'arch': 'keras'}}",3,True,4,4,1.29
bw-3-9804-27,astar,"{'name': 'nn_plact', 'nn': {'name': 'gms', 'arch': 'keras'}}",3,True,4,4,1.12
bw-3-9804-28,astar,"{'name': 'nn_plact', 'nn': {'name': 'gms', 'arch': 'keras'}}",3,True,6,6,1.13
bw-3-9804-29,astar,"{'name': 'nn_plact', 'nn': {'name': 'gms', 'arch': 'keras'}}",3,True,4,4,1.12
bw-3-9804-30,astar,"{'name': 'nn_plact', 'nn': {'name': 'gms', 'arch': 'keras'}}",3,True,4,4,1.13
bw-3-9804-31,astar,"{'name': 'nn_plact', 'nn': {'name': 'gms', 'arch': 'keras'}}",3,True,2,2,1.13
bw-3-9804-32,astar,"{'name': 'nn_plact', 'nn': {'name': 'gms', 'arch': 'keras'}}",3,True,4,4,1.13
bw-3-9804-33,astar,"{'name': 'nn_plact', 'nn': {'name': 'gms', 'arch': 'keras'}}",3,True,2,2,1.28
bw-3-9804-34,astar,"{'name': 'nn_plact', 'nn': {'name': 'gms', 'arch': 'keras'}}",3,True,6,6,1.31
bw-3-9804-35,astar,"{'name': 'nn_plact', 'nn': {'name': 'gms', 'arch': 'keras'}}",3,True,2,2,1.30
bw-3-9804-36,astar,"{'name': 'nn_plact', 'nn': {'name': 'gms', 'arch': 'keras'}}",3,True,4,4,1.11
bw-3-9804-37,astar,"{'name': 'nn_plact', 'nn': {'name': 'gms', 'arch': 'keras'}}",3,True,6,6,1.15
bw-3-9804-38,astar,"{'name': 'nn_plact', 'nn': {'name': 'gms', 'arch': 'keras'}}",3,True,4,4,1.12
bw-3-9804-39,astar,"{'name': 'nn_plact', 'nn': {'name': 'gms', 'arch': 'keras'}}",3,True,6,6,1.31
bw-3-9804-40,astar,"{'name': 'nn_plact', 'nn': {'name': 'gms', 'arch': 'keras'}}",3,True,2,2,1.09
bw-3-9804-41,astar,"{'name': 'nn_plact', 'nn': {'name': 'gms', 'arch': 'keras'}}",3,True,8,8,1.26
bw-3-9804-42,astar,"{'name': 'nn_plact', 'nn': {'name': 'gms', 'arch': 'keras'}}",3,True,0,0,1.00
bw-3-9804-43,astar,"{'name': 'nn_plact', 'nn': {'name': 'gms', 'arch': 'keras'}}",3,True,4,4,1.31
bw-3-9804-44,astar,"{'name': 'nn_plact', 'nn': {'name': 'gms', 'arch': 'keras'}}",3,True,6,6,1.14
bw-3-9804-45,astar,"{'name': 'nn_plact', 'nn': {'name': 'gms', 'arch': 'keras'}}",3,True,0,0,1.20
bw-3-9804-46,astar,"{'name': 'nn_plact', 'nn': {'name': 'gms', 'arch': 'keras'}}",3,True,0,0,1.02
bw-3-9804-47,astar,"{'name': 'nn_plact', 'nn': {'name': 'gms', 'arch': 'keras'}}",3,True,4,4,1.13
bw-3-9804-48,astar,"{'name': 'nn_plact', 'nn': {'name': 'gms', 'arch': 'keras'}}",3,True,6,6,1.32
bw-3-9804-49,astar,"{'name': 'nn_plact', 'nn': {'name': 'gms', 'arch': 'keras'}}",3,True,6,6,1.13
bw-3-9804-50,astar,"{'name': 'nn_plact', 'nn': {'name': 'gms', 'arch': 'keras'}}",3,True,4,4,1.30
bw-3-9804-51,astar,"{'name': 'nn_plact', 'nn': {'name': 'gms', 'arch': 'keras'}}",3,True,4,4,1.14
bw-3-9804-52,astar,"{'name': 'nn_plact', 'nn': {'name': 'gms', 'arch': 'keras'}}",3,True,4,4,1.11
bw-3-9804-53,astar,"{'name': 'nn_plact', 'nn': {'name': 'gms', 'arch': 'keras'}}",3,True,0,0,1.01
bw-3-9804-54,astar,"{'name': 'nn_plact', 'nn': {'name': 'gms', 'arch': 'keras'}}",3,True,2,2,1.10
bw-3-9804-55,astar,"{'name': 'nn_plact', 'nn': {'name': 'gms', 'arch': 'keras'}}",3,True,2,2,1.09
bw-3-9804-56,astar,"{'name': 'nn_plact', 'nn': {'name': 'gms', 'arch': 'keras'}}",3,True,6,6,1.32
bw-3-9804-57,astar,"{'name': 'nn_plact', 'nn': {'name': 'gms', 'arch': 'keras'}}",3,True,4,4,1.12
bw-3-9804-58,astar,"{'name': 'nn_plact', 'nn': {'name': 'gms', 'arch': 'keras'}}",3,True,8,8,1.16
bw-3-9804-59,astar,"{'name': 'nn_plact', 'nn': {'name': 'gms', 'arch': 'keras'}}",3,True,6,6,1.14
bw-3-9804-60,astar,"{'name': 'nn_plact', 'nn': {'name': 'gms', 'arch': 'keras'}}",3,True,8,8,1.16
bw-4-5774-1,astar,"{'name': 'nn_plact', 'nn': {'name': 'gms', 'arch': 'keras'}}",4,True,6,6,1.17
bw-4-5774-2,astar,"{'name': 'nn_plact', 'nn': {'name': 'gms', 'arch': 'keras'}}",4,True,8,8,1.16
bw-4-5774-3,astar,"{'name': 'nn_plact', 'nn': {'name': 'gms', 'arch': 'keras'}}",4,True,8,8,1.18
bw-4-5774-4,astar,"{'name': 'nn_plact', 'nn': {'name': 'gms', 'arch': 'keras'}}",4,True,10,10,1.22
bw-4-5774-5,astar,"{'name': 'nn_plact', 'nn': {'name': 'gms', 'arch': 'keras'}}",4,True,10,10,1.21
bw-4-5774-6,astar,"{'name': 'nn_plact', 'nn': {'name': 'gms', 'arch': 'keras'}}",4,True,12,12,1.19
bw-4-5774-7,astar,"{'name': 'nn_plact', 'nn': {'name': 'gms', 'arch': 'keras'}}",4,True,8,8,1.38
bw-4-5774-8,astar,"{'name': 'nn_plact', 'nn': {'name': 'gms', 'arch': 'keras'}}",4,True,12,12,1.22
bw-4-5774-9,astar,"{'name': 'nn_plact', 'nn': {'name': 'gms', 'arch': 'keras'}}",4,True,4,4,1.16
bw-4-5774-10,astar,"{'name': 'nn_plact', 'nn': {'name': 'gms', 'arch': 'keras'}}",4,True,6,6,1.17
bw-4-5774-11,astar,"{'name': 'nn_plact', 'nn': {'name': 'gms', 'arch': 'keras'}}",4,True,6,6,1.15
bw-4-5774-12,astar,"{'name': 'nn_plact', 'nn': {'name': 'gms', 'arch': 'keras'}}",4,True,8,8,1.19
bw-4-5774-13,astar,"{'name': 'nn_plact', 'nn': {'name': 'gms', 'arch': 'keras'}}",4,True,6,6,1.29
bw-4-5774-14,astar,"{'name': 'nn_plact', 'nn': {'name': 'gms', 'arch': 'keras'}}",4,True,6,6,1.15
bw-4-5774-15,astar,"{'name': 'nn_plact', 'nn': {'name': 'gms', 'arch': 'keras'}}",4,True,4,4,1.15
bw-4-5774-16,astar,"{'name': 'nn_plact', 'nn': {'name': 'gms', 'arch': 'keras'}}",4,True,2,2,1.14
bw-4-5774-17,astar,"{'name': 'nn_plact', 'nn': {'name': 'gms', 'arch': 'keras'}}",4,True,10,10,1.21
bw-4-5774-18,astar,"{'name': 'nn_plact', 'nn': {'name': 'gms', 'arch': 'keras'}}",4,True,8,8,1.17
bw-4-5774-19,astar,"{'name': 'nn_plact', 'nn': {'name': 'gms', 'arch': 'keras'}}",4,True,2,2,1.14
bw-4-5774-20,astar,"{'name': 'nn_plact', 'nn': {'name': 'gms', 'arch': 'keras'}}",4,True,12,12,1.23
bw-4-5774-21,astar,"{'name': 'nn_plact', 'nn': {'name': 'gms', 'arch': 'keras'}}",4,True,10,10,1.22
bw-4-5774-22,astar,"{'name': 'nn_plact', 'nn': {'name': 'gms', 'arch': 'keras'}}",4,True,6,6,1.19
bw-4-5774-23,astar,"{'name': 'nn_plact', 'nn': {'name': 'gms', 'arch': 'keras'}}",4,True,8,8,1.36
bw-4-5774-24,astar,"{'name': 'nn_plact', 'nn': {'name': 'gms', 'arch': 'keras'}}",4,True,2,2,1.12
bw-4-5774-25,astar,"{'name': 'nn_plact', 'nn': {'name': 'gms', 'arch': 'keras'}}",4,True,8,8,1.18
bw-4-5774-26,astar,"{'name': 'nn_plact', 'nn': {'name': 'gms', 'arch': 'keras'}}",4,True,10,10,1.36
bw-4-5774-27,astar,"{'name': 'nn_plact', 'nn': {'name': 'gms', 'arch': 'keras'}}",4,True,4,4,1.17
bw-4-5774-28,astar,"{'name': 'nn_plact', 'nn': {'name': 'gms', 'arch': 'keras'}}",4,True,12,12,1.26
bw-4-5774-29,astar,"{'name': 'nn_plact', 'nn': {'name': 'gms', 'arch': 'keras'}}",4,True,8,8,1.19
bw-4-5774-30,astar,"{'name': 'nn_plact', 'nn': {'name': 'gms', 'arch': 'keras'}}",4,True,4,4,1.16
bw-4-5774-31,astar,"{'name': 'nn_plact', 'nn': {'name': 'gms', 'arch': 'keras'}}",4,True,10,10,1.23
bw-4-5774-32,astar,"{'name': 'nn_plact', 'nn': {'name': 'gms', 'arch': 'keras'}}",4,True,10,10,1.20
bw-4-5774-33,astar,"{'name': 'nn_plact', 'nn': {'name': 'gms', 'arch': 'keras'}}",4,True,4,4,1.34
bw-4-5774-34,astar,"{'name': 'nn_plact', 'nn': {'name': 'gms', 'arch': 'keras'}}",4,True,8,8,1.38
bw-4-5774-35,astar,"{'name': 'nn_plact', 'nn': {'name': 'gms', 'arch': 'keras'}}",4,True,8,8,1.34
bw-4-5774-36,astar,"{'name': 'nn_plact', 'nn': {'name': 'gms', 'arch': 'keras'}}",4,True,6,6,1.19
bw-4-5774-37,astar,"{'name': 'nn_plact', 'nn': {'name': 'gms', 'arch': 'keras'}}",4,True,4,4,1.15
bw-4-5774-38,astar,"{'name': 'nn_plact', 'nn': {'name': 'gms', 'arch': 'keras'}}",4,True,6,6,1.18
bw-4-5774-39,astar,"{'name': 'nn_plact', 'nn': {'name': 'gms', 'arch': 'keras'}}",4,True,8,8,1.34
bw-4-5774-40,astar,"{'name': 'nn_plact', 'nn': {'name': 'gms', 'arch': 'keras'}}",4,True,10,10,1.18
bw-4-5774-41,astar,"{'name': 'nn_plact', 'nn': {'name': 'gms', 'arch': 'keras'}}",4,True,10,10,1.32
bw-4-5774-42,astar,"{'name': 'nn_plact', 'nn': {'name': 'gms', 'arch': 'keras'}}",4,True,2,2,1.11
bw-4-5774-43,astar,"{'name': 'nn_plact', 'nn': {'name': 'gms', 'arch': 'keras'}}",4,True,8,8,1.40
bw-4-5774-44,astar,"{'name': 'nn_plact', 'nn': {'name': 'gms', 'arch': 'keras'}}",4,True,2,2,1.12
bw-4-5774-45,astar,"{'name': 'nn_plact', 'nn': {'name': 'gms', 'arch': 'keras'}}",4,True,8,8,1.38
bw-4-5774-46,astar,"{'name': 'nn_plact', 'nn': {'name': 'gms', 'arch': 'keras'}}",4,True,12,12,1.24
bw-4-5774-47,astar,"{'name': 'nn_plact', 'nn': {'name': 'gms', 'arch': 'keras'}}",4,True,6,6,1.19
bw-4-5774-48,astar,"{'name': 'nn_plact', 'nn': {'name': 'gms', 'arch': 'keras'}}",4,True,6,6,1.36
bw-4-5774-49,astar,"{'name': 'nn_plact', 'nn': {'name': 'gms', 'arch': 'keras'}}",4,True,6,6,1.17
bw-4-5774-50,astar,"{'name': 'nn_plact', 'nn': {'name': 'gms', 'arch': 'keras'}}",4,True,6,6,1.36
bw-4-5774-51,astar,"{'name': 'nn_plact', 'nn': {'name': 'gms', 'arch': 'keras'}}",4,True,10,10,1.22
bw-4-5774-52,astar,"{'name': 'nn_plact', 'nn': {'name': 'gms', 'arch': 'keras'}}",4,True,6,6,1.18
bw-4-5774-53,astar,"{'name': 'nn_plact', 'nn': {'name': 'gms', 'arch': 'keras'}}",4,True,6,6,1.16
bw-4-5774-54,astar,"{'name': 'nn_plact', 'nn': {'name': 'gms', 'arch': 'keras'}}",4,True,6,6,1.16
bw-4-5774-55,astar,"{'name': 'nn_plact', 'nn': {'name': 'gms', 'arch': 'keras'}}",4,True,8,8,1.21
bw-4-5774-56,astar,"{'name': 'nn_plact', 'nn': {'name': 'gms', 'arch': 'keras'}}",4,True,8,8,1.38
bw-4-5774-57,astar,"{'name': 'nn_plact', 'nn': {'name': 'gms', 'arch': 'keras'}}",4,True,6,6,1.19
bw-4-5774-58,astar,"{'name': 'nn_plact', 'nn': {'name': 'gms', 'arch': 'keras'}}",4,True,12,12,1.22
bw-4-5774-59,astar,"{'name': 'nn_plact', 'nn': {'name': 'gms', 'arch': 'keras'}}",4,True,8,8,1.20
bw-4-5774-60,astar,"{'name': 'nn_plact', 'nn': {'name': 'gms', 'arch': 'keras'}}",4,True,8,8,1.18
bw-5-168-1,astar,"{'name': 'nn_plact', 'nn': {'name': 'gms', 'arch': 'keras'}}",5,True,6,6,1.34
bw-5-168-2,astar,"{'name': 'nn_plact', 'nn': {'name': 'gms', 'arch': 'keras'}}",5,True,10,10,1.22
bw-5-168-3,astar,"{'name': 'nn_plact', 'nn': {'name': 'gms', 'arch': 'keras'}}",5,True,12,12,1.28
bw-5-168-4,astar,"{'name': 'nn_plact', 'nn': {'name': 'gms', 'arch': 'keras'}}",5,True,6,6,1.34
bw-5-168-5,astar,"{'name': 'nn_plact', 'nn': {'name': 'gms', 'arch': 'keras'}}",5,True,10,10,1.22
bw-5-168-6,astar,"{'name': 'nn_plact', 'nn': {'name': 'gms', 'arch': 'keras'}}",5,True,10,10,1.20
bw-5-168-7,astar,"{'name': 'nn_plact', 'nn': {'name': 'gms', 'arch': 'keras'}}",5,True,10,10,1.22
bw-5-168-8,astar,"{'name': 'nn_plact', 'nn': {'name': 'gms', 'arch': 'keras'}}",5,True,10,10,1.41
bw-5-168-9,astar,"{'name': 'nn_plact', 'nn': {'name': 'gms', 'arch': 'keras'}}",5,True,12,12,1.20
bw-5-168-10,astar,"{'name': 'nn_plact', 'nn': {'name': 'gms', 'arch': 'keras'}}",5,True,10,10,1.21
bw-5-168-11,astar,"{'name': 'nn_plact', 'nn': {'name': 'gms', 'arch': 'keras'}}",5,True,10,10,1.19
bw-5-168-12,astar,"{'name': 'nn_plact', 'nn': {'name': 'gms', 'arch': 'keras'}}",5,True,8,8,1.20
bw-5-168-13,astar,"{'name': 'nn_plact', 'nn': {'name': 'gms', 'arch': 'keras'}}",5,True,8,8,1.28
bw-5-168-14,astar,"{'name': 'nn_plact', 'nn': {'name': 'gms', 'arch': 'keras'}}",5,True,8,8,1.18
bw-5-168-15,astar,"{'name': 'nn_plact', 'nn': {'name': 'gms', 'arch': 'keras'}}",5,True,8,8,1.19
bw-5-168-16,astar,"{'name': 'nn_plact', 'nn': {'name': 'gms', 'arch': 'keras'}}",5,True,8,8,1.19
bw-5-168-17,astar,"{'name': 'nn_plact', 'nn': {'name': 'gms', 'arch': 'keras'}}",5,True,6,6,1.32
bw-5-168-18,astar,"{'name': 'nn_plact', 'nn': {'name': 'gms', 'arch': 'keras'}}",5,True,8,8,1.19
bw-5-168-19,astar,"{'name': 'nn_plact', 'nn': {'name': 'gms', 'arch': 'keras'}}",5,True,12,12,1.40
bw-5-168-20,astar,"{'name': 'nn_plact', 'nn': {'name': 'gms', 'arch': 'keras'}}",5,True,6,6,1.35
bw-5-168-21,astar,"{'name': 'nn_plact', 'nn': {'name': 'gms', 'arch': 'keras'}}",5,True,12,12,1.21
bw-5-168-22,astar,"{'name': 'nn_plact', 'nn': {'name': 'gms', 'arch': 'keras'}}",5,True,8,8,1.18
bw-5-168-23,astar,"{'name': 'nn_plact', 'nn': {'name': 'gms', 'arch': 'keras'}}",5,True,6,6,1.32
bw-5-168-24,astar,"{'name': 'nn_plact', 'nn': {'name': 'gms', 'arch': 'keras'}}",5,True,8,8,1.16
bw-5-168-25,astar,"{'name': 'nn_plact', 'nn': {'name': 'gms', 'arch': 'keras'}}",5,True,12,12,1.22
bw-5-168-26,astar,"{'name': 'nn_plact', 'nn': {'name': 'gms', 'arch': 'keras'}}",5,True,8,9,1.31
bw-5-168-27,astar,"{'name': 'nn_plact', 'nn': {'name': 'gms', 'arch': 'keras'}}",5,True,4,4,1.13
bw-5-168-28,astar,"{'name': 'nn_plact', 'nn': {'name': 'gms', 'arch': 'keras'}}",5,True,12,12,1.21
bw-5-168-29,astar,"{'name': 'nn_plact', 'nn': {'name': 'gms', 'arch': 'keras'}}",5,True,10,10,1.21
bw-5-168-30,astar,"{'name': 'nn_plact', 'nn': {'name': 'gms', 'arch': 'keras'}}",5,True,8,8,1.18
bw-5-168-31,astar,"{'name': 'nn_plact', 'nn': {'name': 'gms', 'arch': 'keras'}}",5,True,12,12,1.25
bw-5-168-32,astar,"{'name': 'nn_plact', 'nn': {'name': 'gms', 'arch': 'keras'}}",5,True,14,14,1.25
bw-5-168-33,astar,"{'name': 'nn_plact', 'nn': {'name': 'gms', 'arch': 'keras'}}",5,True,6,6,1.16
bw-5-168-34,astar,"{'name': 'nn_plact', 'nn': {'name': 'gms', 'arch': 'keras'}}",5,True,6,6,1.17
bw-5-168-35,astar,"{'name': 'nn_plact', 'nn': {'name': 'gms', 'arch': 'keras'}}",5,True,8,8,1.16
bw-5-168-36,astar,"{'name': 'nn_plact', 'nn': {'name': 'gms', 'arch': 'keras'}}",5,True,6,6,1.18
bw-5-168-37,astar,"{'name': 'nn_plact', 'nn': {'name': 'gms', 'arch': 'keras'}}",5,True,12,12,1.24
bw-5-168-38,astar,"{'name': 'nn_plact', 'nn': {'name': 'gms', 'arch': 'keras'}}",5,True,8,8,1.17
bw-5-168-39,astar,"{'name': 'nn_plact', 'nn': {'name': 'gms', 'arch': 'keras'}}",5,True,8,8,1.18
bw-5-168-40,astar,"{'name': 'nn_plact', 'nn': {'name': 'gms', 'arch': 'keras'}}",5,True,12,12,1.25
bw-5-168-41,astar,"{'name': 'nn_plact', 'nn': {'name': 'gms', 'arch': 'keras'}}",5,True,8,8,1.28
bw-5-168-42,astar,"{'name': 'nn_plact', 'nn': {'name': 'gms', 'arch': 'keras'}}",5,True,8,8,1.18
bw-5-168-43,astar,"{'name': 'nn_plact', 'nn': {'name': 'gms', 'arch': 'keras'}}",5,True,8,8,1.21
bw-5-168-44,astar,"{'name': 'nn_plact', 'nn': {'name': 'gms', 'arch': 'keras'}}",5,True,8,8,1.18
bw-5-168-45,astar,"{'name': 'nn_plact', 'nn': {'name': 'gms', 'arch': 'keras'}}",5,True,12,12,1.23
bw-5-168-46,astar,"{'name': 'nn_plact', 'nn': {'name': 'gms', 'arch': 'keras'}}",5,True,10,10,1.20
bw-5-168-47,astar,"{'name': 'nn_plact', 'nn': {'name': 'gms', 'arch': 'keras'}}",5,True,10,10,1.22
bw-5-168-48,astar,"{'name': 'nn_plact', 'nn': {'name': 'gms', 'arch': 'keras'}}",5,True,10,10,1.18
bw-5-168-49,astar,"{'name': 'nn_plact', 'nn': {'name': 'gms', 'arch': 'keras'}}",5,True,8,8,1.18
bw-5-168-50,astar,"{'name': 'nn_plact', 'nn': {'name': 'gms', 'arch': 'keras'}}",5,True,12,12,1.23
bw-5-168-51,astar,"{'name': 'nn_plact', 'nn': {'name': 'gms', 'arch': 'keras'}}",5,True,12,12,1.42
bw-5-168-52,astar,"{'name': 'nn_plact', 'nn': {'name': 'gms', 'arch': 'keras'}}",5,True,10,10,1.37
bw-5-168-53,astar,"{'name': 'nn_plact', 'nn': {'name': 'gms', 'arch': 'keras'}}",5,True,4,4,1.14
bw-5-168-54,astar,"{'name': 'nn_plact', 'nn': {'name': 'gms', 'arch': 'keras'}}",5,True,8,8,1.18
bw-5-168-55,astar,"{'name': 'nn_plact', 'nn': {'name': 'gms', 'arch': 'keras'}}",5,True,8,8,1.38
bw-5-168-56,astar,"{'name': 'nn_plact', 'nn': {'name': 'gms', 'arch': 'keras'}}",5,True,10,10,1.21
bw-5-168-57,astar,"{'name': 'nn_plact', 'nn': {'name': 'gms', 'arch': 'keras'}}",5,True,14,14,1.45
bw-5-168-58,astar,"{'name': 'nn_plact', 'nn': {'name': 'gms', 'arch': 'keras'}}",5,True,10,10,1.18
bw-5-168-59,astar,"{'name': 'nn_plact', 'nn': {'name': 'gms', 'arch': 'keras'}}",5,True,10,10,1.18
bw-5-168-60,astar,"{'name': 'nn_plact', 'nn': {'name': 'gms', 'arch': 'keras'}}",5,True,6,6,1.15
bw-50-6176-1,astar,"{'name': 'nn_plact', 'nn': {'name': 'gms', 'arch': 'keras'}}",50,True,156,156,65.47
bw-50-6176-2,astar,"{'name': 'nn_plact', 'nn': {'name': 'gms', 'arch': 'keras'}}",50,True,160,207,29.91
bw-50-6176-3,astar,"{'name': 'nn_plact', 'nn': {'name': 'gms', 'arch': 'keras'}}",50,False,0,0,300.06
bw-50-6176-4,astar,"{'name': 'nn_plact', 'nn': {'name': 'gms', 'arch': 'keras'}}",50,True,154,717,110.40
bw-50-6176-5,astar,"{'name': 'nn_plact', 'nn': {'name': 'gms', 'arch': 'keras'}}",50,True,170,206,30.64
bw-50-6176-6,astar,"{'name': 'nn_plact', 'nn': {'name': 'gms', 'arch': 'keras'}}",50,False,0,0,300.30
bw-50-6176-7,astar,"{'name': 'nn_plact', 'nn': {'name': 'gms', 'arch': 'keras'}}",50,True,158,550,53.04
bw-50-6176-8,astar,"{'name': 'nn_plact', 'nn': {'name': 'gms', 'arch': 'keras'}}",50,True,154,155,21.83
bw-50-6176-9,astar,"{'name': 'nn_plact', 'nn': {'name': 'gms', 'arch': 'keras'}}",50,True,172,235,93.27
bw-50-6176-10,astar,"{'name': 'nn_plact', 'nn': {'name': 'gms', 'arch': 'keras'}}",50,True,152,157,21.67
bw-50-6176-11,astar,"{'name': 'nn_plact', 'nn': {'name': 'gms', 'arch': 'keras'}}",50,False,0,0,300.04
bw-50-6176-12,astar,"{'name': 'nn_plact', 'nn': {'name': 'gms', 'arch': 'keras'}}",50,False,0,0,300.04
bw-50-6176-13,astar,"{'name': 'nn_plact', 'nn': {'name': 'gms', 'arch': 'keras'}}",50,False,0,0,300.00
bw-50-6176-14,astar,"{'name': 'nn_plact', 'nn': {'name': 'gms', 'arch': 'keras'}}",50,False,0,0,300.69
bw-50-6176-15,astar,"{'name': 'nn_plact', 'nn': {'name': 'gms', 'arch': 'keras'}}",50,True,162,162,23.39
bw-50-6176-16,astar,"{'name': 'nn_plact', 'nn': {'name': 'gms', 'arch': 'keras'}}",50,True,174,174,25.65
bw-50-6176-17,astar,"{'name': 'nn_plact', 'nn': {'name': 'gms', 'arch': 'keras'}}",50,True,162,163,23.32
bw-50-6176-18,astar,"{'name': 'nn_plact', 'nn': {'name': 'gms', 'arch': 'keras'}}",50,False,0,0,300.05
bw-50-6176-19,astar,"{'name': 'nn_plact', 'nn': {'name': 'gms', 'arch': 'keras'}}",50,False,0,0,300.15
bw-50-6176-20,astar,"{'name': 'nn_plact', 'nn': {'name': 'gms', 'arch': 'keras'}}",50,True,156,158,21.57
bw-50-6176-21,astar,"{'name': 'nn_plact', 'nn': {'name': 'gms', 'arch': 'keras'}}",50,True,166,733,95.37
bw-50-6176-22,astar,"{'name': 'nn_plact', 'nn': {'name': 'gms', 'arch': 'keras'}}",50,False,0,0,300.07
bw-50-6176-23,astar,"{'name': 'nn_plact', 'nn': {'name': 'gms', 'arch': 'keras'}}",50,False,0,0,300.08
bw-50-6176-24,astar,"{'name': 'nn_plact', 'nn': {'name': 'gms', 'arch': 'keras'}}",50,True,172,416,141.00
bw-50-6176-25,astar,"{'name': 'nn_plact', 'nn': {'name': 'gms', 'arch': 'keras'}}",50,True,172,173,24.65
bw-50-6176-26,astar,"{'name': 'nn_plact', 'nn': {'name': 'gms', 'arch': 'keras'}}",50,False,0,0,300.18
bw-50-6176-27,astar,"{'name': 'nn_plact', 'nn': {'name': 'gms', 'arch': 'keras'}}",50,True,156,163,65.63
bw-50-6176-28,astar,"{'name': 'nn_plact', 'nn': {'name': 'gms', 'arch': 'keras'}}",50,True,152,184,27.65
bw-50-6176-29,astar,"{'name': 'nn_plact', 'nn': {'name': 'gms', 'arch': 'keras'}}",50,False,0,0,300.03
bw-50-6176-30,astar,"{'name': 'nn_plact', 'nn': {'name': 'gms', 'arch': 'keras'}}",50,True,150,158,23.16
bw-50-6176-31,astar,"{'name': 'nn_plact', 'nn': {'name': 'gms', 'arch': 'keras'}}",50,True,162,165,20.30
bw-50-6176-32,astar,"{'name': 'nn_plact', 'nn': {'name': 'gms', 'arch': 'keras'}}",50,True,174,268,40.06
bw-50-6176-33,astar,"{'name': 'nn_plact', 'nn': {'name': 'gms', 'arch': 'keras'}}",50,False,0,0,300.05
bw-50-6176-34,astar,"{'name': 'nn_plact', 'nn': {'name': 'gms', 'arch': 'keras'}}",50,True,160,163,122.64
bw-50-6176-35,astar,"{'name': 'nn_plact', 'nn': {'name': 'gms', 'arch': 'keras'}}",50,True,152,155,21.41
bw-50-6176-36,astar,"{'name': 'nn_plact', 'nn': {'name': 'gms', 'arch': 'keras'}}",50,False,0,0,300.05
bw-50-6176-37,astar,"{'name': 'nn_plact', 'nn': {'name': 'gms', 'arch': 'keras'}}",50,False,0,0,300.05
bw-50-6176-38,astar,"{'name': 'nn_plact', 'nn': {'name': 'gms', 'arch': 'keras'}}",50,True,168,175,22.54
bw-50-6176-39,astar,"{'name': 'nn_plact', 'nn': {'name': 'gms', 'arch': 'keras'}}",50,True,166,168,132.72
bw-50-6176-40,astar,"{'name': 'nn_plact', 'nn': {'name': 'gms', 'arch': 'keras'}}",50,True,178,180,25.37
bw-50-6176-41,astar,"{'name': 'nn_plact', 'nn': {'name': 'gms', 'arch': 'keras'}}",50,True,158,164,51.79
bw-50-6176-42,astar,"{'name': 'nn_plact', 'nn': {'name': 'gms', 'arch': 'keras'}}",50,False,0,0,300.36
bw-50-6176-43,astar,"{'name': 'nn_plact', 'nn': {'name': 'gms', 'arch': 'keras'}}",50,False,0,0,300.09
bw-50-6176-44,astar,"{'name': 'nn_plact', 'nn': {'name': 'gms', 'arch': 'keras'}}",50,True,168,168,22.73
bw-50-6176-45,astar,"{'name': 'nn_plact', 'nn': {'name': 'gms', 'arch': 'keras'}}",50,False,0,0,300.04
bw-50-6176-46,astar,"{'name': 'nn_plact', 'nn': {'name': 'gms', 'arch': 'keras'}}",50,True,172,219,33.78
bw-50-6176-47,astar,"{'name': 'nn_plact', 'nn': {'name': 'gms', 'arch': 'keras'}}",50,False,0,0,300.06
bw-50-6176-48,astar,"{'name': 'nn_plact', 'nn': {'name': 'gms', 'arch': 'keras'}}",50,False,0,0,300.07
bw-50-6176-49,astar,"{'name': 'nn_plact', 'nn': {'name': 'gms', 'arch': 'keras'}}",50,True,158,236,33.40
bw-50-6176-50,astar,"{'name': 'nn_plact', 'nn': {'name': 'gms', 'arch': 'keras'}}",50,False,0,0,300.05
bw-6-4532-1,astar,"{'name': 'nn_plact', 'nn': {'name': 'gms', 'arch': 'keras'}}",6,True,16,16,1.28
bw-6-4532-2,astar,"{'name': 'nn_plact', 'nn': {'name': 'gms', 'arch': 'keras'}}",6,True,18,23,1.39
bw-6-4532-3,astar,"{'name': 'nn_plact', 'nn': {'name': 'gms', 'arch': 'keras'}}",6,True,10,10,1.22
bw-6-4532-4,astar,"{'name': 'nn_plact', 'nn': {'name': 'gms', 'arch': 'keras'}}",6,True,16,29,1.58
bw-6-4532-5,astar,"{'name': 'nn_plact', 'nn': {'name': 'gms', 'arch': 'keras'}}",6,True,8,8,1.21
bw-6-4532-6,astar,"{'name': 'nn_plact', 'nn': {'name': 'gms', 'arch': 'keras'}}",6,True,14,14,1.26
bw-6-4532-7,astar,"{'name': 'nn_plact', 'nn': {'name': 'gms', 'arch': 'keras'}}",6,True,12,12,1.30
bw-6-4532-8,astar,"{'name': 'nn_plact', 'nn': {'name': 'gms', 'arch': 'keras'}}",6,True,14,14,1.27
bw-6-4532-9,astar,"{'name': 'nn_plact', 'nn': {'name': 'gms', 'arch': 'keras'}}",6,True,14,14,1.31
bw-6-4532-10,astar,"{'name': 'nn_plact', 'nn': {'name': 'gms', 'arch': 'keras'}}",6,True,10,10,1.23
bw-6-4532-11,astar,"{'name': 'nn_plact', 'nn': {'name': 'gms', 'arch': 'keras'}}",6,True,10,10,1.21
bw-6-4532-12,astar,"{'name': 'nn_plact', 'nn': {'name': 'gms', 'arch': 'keras'}}",6,True,10,10,1.22
bw-6-4532-13,astar,"{'name': 'nn_plact', 'nn': {'name': 'gms', 'arch': 'keras'}}",6,True,14,14,1.36
bw-6-4532-14,astar,"{'name': 'nn_plact', 'nn': {'name': 'gms', 'arch': 'keras'}}",6,True,10,10,1.24
bw-6-4532-15,astar,"{'name': 'nn_plact', 'nn': {'name': 'gms', 'arch': 'keras'}}",6,True,14,20,1.32
bw-6-4532-16,astar,"{'name': 'nn_plact', 'nn': {'name': 'gms', 'arch': 'keras'}}",6,True,8,8,1.39
bw-6-4532-17,astar,"{'name': 'nn_plact', 'nn': {'name': 'gms', 'arch': 'keras'}}",6,True,16,16,1.46
bw-6-4532-18,astar,"{'name': 'nn_plact', 'nn': {'name': 'gms', 'arch': 'keras'}}",6,True,12,12,1.25
bw-6-4532-19,astar,"{'name': 'nn_plact', 'nn': {'name': 'gms', 'arch': 'keras'}}",6,True,14,15,1.43
bw-6-4532-20,astar,"{'name': 'nn_plact', 'nn': {'name': 'gms', 'arch': 'keras'}}",6,True,8,8,1.35
bw-6-4532-21,astar,"{'name': 'nn_plact', 'nn': {'name': 'gms', 'arch': 'keras'}}",6,True,8,8,1.38
bw-6-4532-22,astar,"{'name': 'nn_plact', 'nn': {'name': 'gms', 'arch': 'keras'}}",6,True,14,14,1.27
bw-6-4532-23,astar,"{'name': 'nn_plact', 'nn': {'name': 'gms', 'arch': 'keras'}}",6,True,6,6,1.31
bw-6-4532-24,astar,"{'name': 'nn_plact', 'nn': {'name': 'gms', 'arch': 'keras'}}",6,True,14,14,1.26
bw-6-4532-25,astar,"{'name': 'nn_plact', 'nn': {'name': 'gms', 'arch': 'keras'}}",6,True,18,18,1.45
bw-6-4532-26,astar,"{'name': 'nn_plact', 'nn': {'name': 'gms', 'arch': 'keras'}}",6,True,8,8,1.34
bw-6-4532-27,astar,"{'name': 'nn_plact', 'nn': {'name': 'gms', 'arch': 'keras'}}",6,True,18,18,1.32
bw-6-4532-28,astar,"{'name': 'nn_plact', 'nn': {'name': 'gms', 'arch': 'keras'}}",6,True,16,16,1.31
bw-6-4532-29,astar,"{'name': 'nn_plact', 'nn': {'name': 'gms', 'arch': 'keras'}}",6,True,12,12,1.22
bw-6-4532-30,astar,"{'name': 'nn_plact', 'nn': {'name': 'gms', 'arch': 'keras'}}",6,True,16,17,1.27
bw-6-4532-31,astar,"{'name': 'nn_plact', 'nn': {'name': 'gms', 'arch': 'keras'}}",6,True,12,12,1.22
bw-6-4532-32,astar,"{'name': 'nn_plact', 'nn': {'name': 'gms', 'arch': 'keras'}}",6,True,12,12,1.28
bw-6-4532-33,astar,"{'name': 'nn_plact', 'nn': {'name': 'gms', 'arch': 'keras'}}",6,True,14,14,1.26
bw-6-4532-34,astar,"{'name': 'nn_plact', 'nn': {'name': 'gms', 'arch': 'keras'}}",6,True,14,14,1.28
bw-6-4532-35,astar,"{'name': 'nn_plact', 'nn': {'name': 'gms', 'arch': 'keras'}}",6,True,14,14,1.25
bw-6-4532-36,astar,"{'name': 'nn_plact', 'nn': {'name': 'gms', 'arch': 'keras'}}",6,True,12,12,1.29
bw-6-4532-37,astar,"{'name': 'nn_plact', 'nn': {'name': 'gms', 'arch': 'keras'}}",6,True,16,16,1.27
bw-6-4532-38,astar,"{'name': 'nn_plact', 'nn': {'name': 'gms', 'arch': 'keras'}}",6,True,12,12,1.26
bw-6-4532-39,astar,"{'name': 'nn_plact', 'nn': {'name': 'gms', 'arch': 'keras'}}",6,True,12,12,1.24
bw-6-4532-40,astar,"{'name': 'nn_plact', 'nn': {'name': 'gms', 'arch': 'keras'}}",6,True,10,10,1.25
bw-6-4532-41,astar,"{'name': 'nn_plact', 'nn': {'name': 'gms', 'arch': 'keras'}}",6,True,10,10,1.32
bw-6-4532-42,astar,"{'name': 'nn_plact', 'nn': {'name': 'gms', 'arch': 'keras'}}",6,True,12,12,1.22
bw-6-4532-43,astar,"{'name': 'nn_plact', 'nn': {'name': 'gms', 'arch': 'keras'}}",6,True,10,10,1.24
bw-6-4532-44,astar,"{'name': 'nn_plact', 'nn': {'name': 'gms', 'arch': 'keras'}}",6,True,14,14,1.27
bw-6-4532-45,astar,"{'name': 'nn_plact', 'nn': {'name': 'gms', 'arch': 'keras'}}",6,True,12,12,1.25
bw-6-4532-46,astar,"{'name': 'nn_plact', 'nn': {'name': 'gms', 'arch': 'keras'}}",6,True,12,12,1.26
bw-6-4532-47,astar,"{'name': 'nn_plact', 'nn': {'name': 'gms', 'arch': 'keras'}}",6,True,16,16,1.33
bw-6-4532-48,astar,"{'name': 'nn_plact', 'nn': {'name': 'gms', 'arch': 'keras'}}",6,True,10,10,1.24
bw-6-4532-49,astar,"{'name': 'nn_plact', 'nn': {'name': 'gms', 'arch': 'keras'}}",6,True,14,14,1.29
bw-6-4532-50,astar,"{'name': 'nn_plact', 'nn': {'name': 'gms', 'arch': 'keras'}}",6,True,18,24,1.36
bw-6-4532-51,astar,"{'name': 'nn_plact', 'nn': {'name': 'gms', 'arch': 'keras'}}",6,True,16,16,1.36
bw-6-4532-52,astar,"{'name': 'nn_plact', 'nn': {'name': 'gms', 'arch': 'keras'}}",6,True,14,14,1.28
bw-6-4532-53,astar,"{'name': 'nn_plact', 'nn': {'name': 'gms', 'arch': 'keras'}}",6,True,10,10,1.20
bw-6-4532-54,astar,"{'name': 'nn_plact', 'nn': {'name': 'gms', 'arch': 'keras'}}",6,True,10,10,1.41
bw-6-4532-55,astar,"{'name': 'nn_plact', 'nn': {'name': 'gms', 'arch': 'keras'}}",6,True,6,6,1.20
bw-6-4532-56,astar,"{'name': 'nn_plact', 'nn': {'name': 'gms', 'arch': 'keras'}}",6,True,12,12,1.24
bw-6-4532-57,astar,"{'name': 'nn_plact', 'nn': {'name': 'gms', 'arch': 'keras'}}",6,True,18,18,1.49
bw-6-4532-58,astar,"{'name': 'nn_plact', 'nn': {'name': 'gms', 'arch': 'keras'}}",6,True,14,14,1.46
bw-6-4532-59,astar,"{'name': 'nn_plact', 'nn': {'name': 'gms', 'arch': 'keras'}}",6,True,10,10,1.25
bw-6-4532-60,astar,"{'name': 'nn_plact', 'nn': {'name': 'gms', 'arch': 'keras'}}",6,True,12,12,1.42
bw-7-6874-1,astar,"{'name': 'nn_plact', 'nn': {'name': 'gms', 'arch': 'keras'}}",7,True,14,14,1.30
bw-7-6874-2,astar,"{'name': 'nn_plact', 'nn': {'name': 'gms', 'arch': 'keras'}}",7,True,6,6,1.34
bw-7-6874-3,astar,"{'name': 'nn_plact', 'nn': {'name': 'gms', 'arch': 'keras'}}",7,True,18,18,1.33
bw-7-6874-4,astar,"{'name': 'nn_plact', 'nn': {'name': 'gms', 'arch': 'keras'}}",7,True,18,20,1.53
bw-7-6874-5,astar,"{'name': 'nn_plact', 'nn': {'name': 'gms', 'arch': 'keras'}}",7,True,14,14,1.45
bw-7-6874-6,astar,"{'name': 'nn_plact', 'nn': {'name': 'gms', 'arch': 'keras'}}",7,True,16,16,1.42
bw-7-6874-7,astar,"{'name': 'nn_plact', 'nn': {'name': 'gms', 'arch': 'keras'}}",7,True,20,34,1.54
bw-7-6874-8,astar,"{'name': 'nn_plact', 'nn': {'name': 'gms', 'arch': 'keras'}}",7,True,14,14,1.30
bw-7-6874-9,astar,"{'name': 'nn_plact', 'nn': {'name': 'gms', 'arch': 'keras'}}",7,True,14,14,1.48
bw-7-6874-10,astar,"{'name': 'nn_plact', 'nn': {'name': 'gms', 'arch': 'keras'}}",7,True,14,17,1.34
bw-7-6874-11,astar,"{'name': 'nn_plact', 'nn': {'name': 'gms', 'arch': 'keras'}}",7,True,12,12,1.25
bw-7-6874-12,astar,"{'name': 'nn_plact', 'nn': {'name': 'gms', 'arch': 'keras'}}",7,True,8,8,1.24
bw-7-6874-13,astar,"{'name': 'nn_plact', 'nn': {'name': 'gms', 'arch': 'keras'}}",7,True,12,12,1.39
bw-7-6874-14,astar,"{'name': 'nn_plact', 'nn': {'name': 'gms', 'arch': 'keras'}}",7,True,14,14,1.33
bw-7-6874-15,astar,"{'name': 'nn_plact', 'nn': {'name': 'gms', 'arch': 'keras'}}",7,True,16,33,1.53
bw-7-6874-16,astar,"{'name': 'nn_plact', 'nn': {'name': 'gms', 'arch': 'keras'}}",7,True,24,24,1.42
bw-7-6874-17,astar,"{'name': 'nn_plact', 'nn': {'name': 'gms', 'arch': 'keras'}}",7,True,16,16,1.34
bw-7-6874-18,astar,"{'name': 'nn_plact', 'nn': {'name': 'gms', 'arch': 'keras'}}",7,True,18,18,1.40
bw-7-6874-19,astar,"{'name': 'nn_plact', 'nn': {'name': 'gms', 'arch': 'keras'}}",7,True,18,18,1.39
bw-7-6874-20,astar,"{'name': 'nn_plact', 'nn': {'name': 'gms', 'arch': 'keras'}}",7,True,18,18,1.55
bw-7-6874-21,astar,"{'name': 'nn_plact', 'nn': {'name': 'gms', 'arch': 'keras'}}",7,True,18,18,1.53
bw-7-6874-22,astar,"{'name': 'nn_plact', 'nn': {'name': 'gms', 'arch': 'keras'}}",7,True,12,12,1.27
bw-7-6874-23,astar,"{'name': 'nn_plact', 'nn': {'name': 'gms', 'arch': 'keras'}}",7,True,12,12,1.44
bw-7-6874-24,astar,"{'name': 'nn_plact', 'nn': {'name': 'gms', 'arch': 'keras'}}",7,True,16,16,1.38
bw-7-6874-25,astar,"{'name': 'nn_plact', 'nn': {'name': 'gms', 'arch': 'keras'}}",7,True,12,12,1.51
bw-7-6874-26,astar,"{'name': 'nn_plact', 'nn': {'name': 'gms', 'arch': 'keras'}}",7,True,20,20,1.37
bw-7-6874-27,astar,"{'name': 'nn_plact', 'nn': {'name': 'gms', 'arch': 'keras'}}",7,True,18,18,1.61
bw-7-6874-28,astar,"{'name': 'nn_plact', 'nn': {'name': 'gms', 'arch': 'keras'}}",7,True,20,22,1.44
bw-7-6874-29,astar,"{'name': 'nn_plact', 'nn': {'name': 'gms', 'arch': 'keras'}}",7,True,14,14,1.29
bw-7-6874-30,astar,"{'name': 'nn_plact', 'nn': {'name': 'gms', 'arch': 'keras'}}",7,True,14,14,1.27
bw-7-6874-31,astar,"{'name': 'nn_plact', 'nn': {'name': 'gms', 'arch': 'keras'}}",7,True,14,14,1.30
bw-7-6874-32,astar,"{'name': 'nn_plact', 'nn': {'name': 'gms', 'arch': 'keras'}}",7,True,14,14,1.31
bw-7-6874-33,astar,"{'name': 'nn_plact', 'nn': {'name': 'gms', 'arch': 'keras'}}",7,True,14,14,1.44
bw-7-6874-34,astar,"{'name': 'nn_plact', 'nn': {'name': 'gms', 'arch': 'keras'}}",7,True,18,18,1.41
bw-7-6874-35,astar,"{'name': 'nn_plact', 'nn': {'name': 'gms', 'arch': 'keras'}}",7,True,18,18,1.54
bw-7-6874-36,astar,"{'name': 'nn_plact', 'nn': {'name': 'gms', 'arch': 'keras'}}",7,True,20,20,1.40
bw-7-6874-37,astar,"{'name': 'nn_plact', 'nn': {'name': 'gms', 'arch': 'keras'}}",7,True,16,17,1.34
bw-7-6874-38,astar,"{'name': 'nn_plact', 'nn': {'name': 'gms', 'arch': 'keras'}}",7,True,12,12,1.25
bw-7-6874-39,astar,"{'name': 'nn_plact', 'nn': {'name': 'gms', 'arch': 'keras'}}",7,True,14,14,1.30
bw-7-6874-40,astar,"{'name': 'nn_plact', 'nn': {'name': 'gms', 'arch': 'keras'}}",7,True,8,8,1.41
bw-7-6874-41,astar,"{'name': 'nn_plact', 'nn': {'name': 'gms', 'arch': 'keras'}}",7,True,16,56,1.81
bw-7-6874-42,astar,"{'name': 'nn_plact', 'nn': {'name': 'gms', 'arch': 'keras'}}",7,True,14,14,1.30
bw-7-6874-43,astar,"{'name': 'nn_plact', 'nn': {'name': 'gms', 'arch': 'keras'}}",7,True,16,16,1.30
bw-7-6874-44,astar,"{'name': 'nn_plact', 'nn': {'name': 'gms', 'arch': 'keras'}}",7,True,16,16,1.30
bw-7-6874-45,astar,"{'name': 'nn_plact', 'nn': {'name': 'gms', 'arch': 'keras'}}",7,True,16,16,1.36
bw-7-6874-46,astar,"{'name': 'nn_plact', 'nn': {'name': 'gms', 'arch': 'keras'}}",7,True,20,24,1.49
bw-7-6874-47,astar,"{'name': 'nn_plact', 'nn': {'name': 'gms', 'arch': 'keras'}}",7,True,18,22,1.44
bw-7-6874-48,astar,"{'name': 'nn_plact', 'nn': {'name': 'gms', 'arch': 'keras'}}",7,True,8,8,1.22
bw-7-6874-49,astar,"{'name': 'nn_plact', 'nn': {'name': 'gms', 'arch': 'keras'}}",7,True,20,20,1.39
bw-7-6874-50,astar,"{'name': 'nn_plact', 'nn': {'name': 'gms', 'arch': 'keras'}}",7,True,16,16,1.46
bw-7-6874-51,astar,"{'name': 'nn_plact', 'nn': {'name': 'gms', 'arch': 'keras'}}",7,True,14,14,1.30
bw-7-6874-52,astar,"{'name': 'nn_plact', 'nn': {'name': 'gms', 'arch': 'keras'}}",7,True,22,22,1.44
bw-7-6874-53,astar,"{'name': 'nn_plact', 'nn': {'name': 'gms', 'arch': 'keras'}}",7,True,14,14,1.27
bw-7-6874-54,astar,"{'name': 'nn_plact', 'nn': {'name': 'gms', 'arch': 'keras'}}",7,True,8,8,1.19
bw-7-6874-55,astar,"{'name': 'nn_plact', 'nn': {'name': 'gms', 'arch': 'keras'}}",7,True,20,20,1.37
bw-7-6874-56,astar,"{'name': 'nn_plact', 'nn': {'name': 'gms', 'arch': 'keras'}}",7,True,18,18,1.37
bw-7-6874-57,astar,"{'name': 'nn_plact', 'nn': {'name': 'gms', 'arch': 'keras'}}",7,True,16,16,1.38
bw-7-6874-58,astar,"{'name': 'nn_plact', 'nn': {'name': 'gms', 'arch': 'keras'}}",7,True,18,19,1.40
bw-7-6874-59,astar,"{'name': 'nn_plact', 'nn': {'name': 'gms', 'arch': 'keras'}}",7,True,10,10,1.25
bw-7-6874-60,astar,"{'name': 'nn_plact', 'nn': {'name': 'gms', 'arch': 'keras'}}",7,True,18,18,1.35
bw-8-3326-1,astar,"{'name': 'nn_plact', 'nn': {'name': 'gms', 'arch': 'keras'}}",8,True,14,22,1.42
bw-8-3326-2,astar,"{'name': 'nn_plact', 'nn': {'name': 'gms', 'arch': 'keras'}}",8,True,20,20,1.37
bw-8-3326-3,astar,"{'name': 'nn_plact', 'nn': {'name': 'gms', 'arch': 'keras'}}",8,True,14,14,1.51
bw-8-3326-4,astar,"{'name': 'nn_plact', 'nn': {'name': 'gms', 'arch': 'keras'}}",8,True,18,18,1.39
bw-8-3326-5,astar,"{'name': 'nn_plact', 'nn': {'name': 'gms', 'arch': 'keras'}}",8,True,20,20,1.44
bw-8-3326-6,astar,"{'name': 'nn_plact', 'nn': {'name': 'gms', 'arch': 'keras'}}",8,True,18,18,1.36
bw-8-3326-7,astar,"{'name': 'nn_plact', 'nn': {'name': 'gms', 'arch': 'keras'}}",8,True,24,29,1.53
bw-8-3326-8,astar,"{'name': 'nn_plact', 'nn': {'name': 'gms', 'arch': 'keras'}}",8,True,16,16,1.33
bw-8-3326-9,astar,"{'name': 'nn_plact', 'nn': {'name': 'gms', 'arch': 'keras'}}",8,True,14,14,1.32
bw-8-3326-10,astar,"{'name': 'nn_plact', 'nn': {'name': 'gms', 'arch': 'keras'}}",8,True,22,22,1.66
bw-8-3326-11,astar,"{'name': 'nn_plact', 'nn': {'name': 'gms', 'arch': 'keras'}}",8,True,26,26,1.44
bw-8-3326-12,astar,"{'name': 'nn_plact', 'nn': {'name': 'gms', 'arch': 'keras'}}",8,True,12,12,1.54
bw-8-3326-13,astar,"{'name': 'nn_plact', 'nn': {'name': 'gms', 'arch': 'keras'}}",8,True,14,14,1.44
bw-8-3326-14,astar,"{'name': 'nn_plact', 'nn': {'name': 'gms', 'arch': 'keras'}}",8,True,14,15,1.51
bw-8-3326-15,astar,"{'name': 'nn_plact', 'nn': {'name': 'gms', 'arch': 'keras'}}",8,True,20,166,2.94
bw-8-3326-16,astar,"{'name': 'nn_plact', 'nn': {'name': 'gms', 'arch': 'keras'}}",8,True,20,20,1.41
bw-8-3326-17,astar,"{'name': 'nn_plact', 'nn': {'name': 'gms', 'arch': 'keras'}}",8,True,16,16,1.52
bw-8-3326-18,astar,"{'name': 'nn_plact', 'nn': {'name': 'gms', 'arch': 'keras'}}",8,True,18,18,1.61
bw-8-3326-19,astar,"{'name': 'nn_plact', 'nn': {'name': 'gms', 'arch': 'keras'}}",8,True,22,22,1.44
bw-8-3326-20,astar,"{'name': 'nn_plact', 'nn': {'name': 'gms', 'arch': 'keras'}}",8,True,18,18,1.36
bw-8-3326-21,astar,"{'name': 'nn_plact', 'nn': {'name': 'gms', 'arch': 'keras'}}",8,True,18,18,1.44
bw-8-3326-22,astar,"{'name': 'nn_plact', 'nn': {'name': 'gms', 'arch': 'keras'}}",8,True,16,16,1.49
bw-8-3326-23,astar,"{'name': 'nn_plact', 'nn': {'name': 'gms', 'arch': 'keras'}}",8,True,16,16,1.29
bw-8-3326-24,astar,"{'name': 'nn_plact', 'nn': {'name': 'gms', 'arch': 'keras'}}",8,True,18,18,1.37
bw-8-3326-25,astar,"{'name': 'nn_plact', 'nn': {'name': 'gms', 'arch': 'keras'}}",8,True,16,16,1.39
bw-8-3326-26,astar,"{'name': 'nn_plact', 'nn': {'name': 'gms', 'arch': 'keras'}}",8,True,14,14,1.31
bw-8-3326-27,astar,"{'name': 'nn_plact', 'nn': {'name': 'gms', 'arch': 'keras'}}",8,True,20,20,1.56
bw-8-3326-28,astar,"{'name': 'nn_plact', 'nn': {'name': 'gms', 'arch': 'keras'}}",8,True,18,18,1.42
bw-8-3326-29,astar,"{'name': 'nn_plact', 'nn': {'name': 'gms', 'arch': 'keras'}}",8,True,24,24,1.53
bw-8-3326-30,astar,"{'name': 'nn_plact', 'nn': {'name': 'gms', 'arch': 'keras'}}",8,True,22,22,1.45
bw-8-3326-31,astar,"{'name': 'nn_plact', 'nn': {'name': 'gms', 'arch': 'keras'}}",8,True,18,18,1.55
bw-8-3326-32,astar,"{'name': 'nn_plact', 'nn': {'name': 'gms', 'arch': 'keras'}}",8,True,16,16,1.47
bw-8-3326-33,astar,"{'name': 'nn_plact', 'nn': {'name': 'gms', 'arch': 'keras'}}",8,True,24,24,1.51
bw-8-3326-34,astar,"{'name': 'nn_plact', 'nn': {'name': 'gms', 'arch': 'keras'}}",8,True,20,20,1.44
bw-8-3326-35,astar,"{'name': 'nn_plact', 'nn': {'name': 'gms', 'arch': 'keras'}}",8,True,12,12,1.32
bw-8-3326-36,astar,"{'name': 'nn_plact', 'nn': {'name': 'gms', 'arch': 'keras'}}",8,True,20,20,1.39
bw-8-3326-37,astar,"{'name': 'nn_plact', 'nn': {'name': 'gms', 'arch': 'keras'}}",8,True,20,21,1.43
bw-8-3326-38,astar,"{'name': 'nn_plact', 'nn': {'name': 'gms', 'arch': 'keras'}}",8,True,14,14,1.34
bw-8-3326-39,astar,"{'name': 'nn_plact', 'nn': {'name': 'gms', 'arch': 'keras'}}",8,True,16,16,1.48
bw-8-3326-40,astar,"{'name': 'nn_plact', 'nn': {'name': 'gms', 'arch': 'keras'}}",8,True,14,14,1.31
bw-8-3326-41,astar,"{'name': 'nn_plact', 'nn': {'name': 'gms', 'arch': 'keras'}}",8,True,20,20,1.46
bw-8-3326-42,astar,"{'name': 'nn_plact', 'nn': {'name': 'gms', 'arch': 'keras'}}",8,True,12,12,1.29
bw-8-3326-43,astar,"{'name': 'nn_plact', 'nn': {'name': 'gms', 'arch': 'keras'}}",8,True,16,16,1.37
bw-8-3326-44,astar,"{'name': 'nn_plact', 'nn': {'name': 'gms', 'arch': 'keras'}}",8,True,12,12,1.35
bw-8-3326-45,astar,"{'name': 'nn_plact', 'nn': {'name': 'gms', 'arch': 'keras'}}",8,True,20,25,1.48
bw-8-3326-46,astar,"{'name': 'nn_plact', 'nn': {'name': 'gms', 'arch': 'keras'}}",8,True,16,16,1.49
bw-8-3326-47,astar,"{'name': 'nn_plact', 'nn': {'name': 'gms', 'arch': 'keras'}}",8,True,20,20,1.40
bw-8-3326-48,astar,"{'name': 'nn_plact', 'nn': {'name': 'gms', 'arch': 'keras'}}",8,True,16,18,1.39
bw-8-3326-49,astar,"{'name': 'nn_plact', 'nn': {'name': 'gms', 'arch': 'keras'}}",8,True,16,16,1.41
bw-8-3326-50,astar,"{'name': 'nn_plact', 'nn': {'name': 'gms', 'arch': 'keras'}}",8,True,18,18,1.37
bw-8-3326-51,astar,"{'name': 'nn_plact', 'nn': {'name': 'gms', 'arch': 'keras'}}",8,True,20,20,1.45
bw-8-3326-52,astar,"{'name': 'nn_plact', 'nn': {'name': 'gms', 'arch': 'keras'}}",8,True,16,16,1.52
bw-8-3326-53,astar,"{'name': 'nn_plact', 'nn': {'name': 'gms', 'arch': 'keras'}}",8,True,16,56,1.78
bw-8-3326-54,astar,"{'name': 'nn_plact', 'nn': {'name': 'gms', 'arch': 'keras'}}",8,True,12,13,1.30
bw-8-3326-55,astar,"{'name': 'nn_plact', 'nn': {'name': 'gms', 'arch': 'keras'}}",8,True,18,18,1.53
bw-8-3326-56,astar,"{'name': 'nn_plact', 'nn': {'name': 'gms', 'arch': 'keras'}}",8,True,16,16,1.40
bw-8-3326-57,astar,"{'name': 'nn_plact', 'nn': {'name': 'gms', 'arch': 'keras'}}",8,True,18,18,1.41
bw-8-3326-58,astar,"{'name': 'nn_plact', 'nn': {'name': 'gms', 'arch': 'keras'}}",8,True,14,14,1.37
bw-8-3326-59,astar,"{'name': 'nn_plact', 'nn': {'name': 'gms', 'arch': 'keras'}}",8,True,18,18,1.41
bw-8-3326-60,astar,"{'name': 'nn_plact', 'nn': {'name': 'gms', 'arch': 'keras'}}",8,True,20,20,1.57
bw-9-7235-1,astar,"{'name': 'nn_plact', 'nn': {'name': 'gms', 'arch': 'keras'}}",9,True,24,24,1.56
bw-9-7235-2,astar,"{'name': 'nn_plact', 'nn': {'name': 'gms', 'arch': 'keras'}}",9,True,20,20,1.45
bw-9-7235-3,astar,"{'name': 'nn_plact', 'nn': {'name': 'gms', 'arch': 'keras'}}",9,True,22,23,1.68
bw-9-7235-4,astar,"{'name': 'nn_plact', 'nn': {'name': 'gms', 'arch': 'keras'}}",9,True,22,22,1.51
bw-9-7235-5,astar,"{'name': 'nn_plact', 'nn': {'name': 'gms', 'arch': 'keras'}}",9,True,12,12,1.25
bw-9-7235-6,astar,"{'name': 'nn_plact', 'nn': {'name': 'gms', 'arch': 'keras'}}",9,True,14,14,1.29
bw-9-7235-7,astar,"{'name': 'nn_plact', 'nn': {'name': 'gms', 'arch': 'keras'}}",9,True,24,24,1.57
bw-9-7235-8,astar,"{'name': 'nn_plact', 'nn': {'name': 'gms', 'arch': 'keras'}}",9,True,24,24,1.66
bw-9-7235-9,astar,"{'name': 'nn_plact', 'nn': {'name': 'gms', 'arch': 'keras'}}",9,True,20,20,1.38
bw-9-7235-10,astar,"{'name': 'nn_plact', 'nn': {'name': 'gms', 'arch': 'keras'}}",9,True,22,22,1.52
bw-9-7235-11,astar,"{'name': 'nn_plact', 'nn': {'name': 'gms', 'arch': 'keras'}}",9,True,24,33,1.78
bw-9-7235-12,astar,"{'name': 'nn_plact', 'nn': {'name': 'gms', 'arch': 'keras'}}",9,True,22,22,1.51
bw-9-7235-13,astar,"{'name': 'nn_plact', 'nn': {'name': 'gms', 'arch': 'keras'}}",9,True,26,26,1.65
bw-9-7235-14,astar,"{'name': 'nn_plact', 'nn': {'name': 'gms', 'arch': 'keras'}}",9,True,22,22,1.47
bw-9-7235-15,astar,"{'name': 'nn_plact', 'nn': {'name': 'gms', 'arch': 'keras'}}",9,True,28,28,1.66
bw-9-7235-16,astar,"{'name': 'nn_plact', 'nn': {'name': 'gms', 'arch': 'keras'}}",9,True,24,24,1.75
bw-9-7235-17,astar,"{'name': 'nn_plact', 'nn': {'name': 'gms', 'arch': 'keras'}}",9,True,16,16,1.34
bw-9-7235-18,astar,"{'name': 'nn_plact', 'nn': {'name': 'gms', 'arch': 'keras'}}",9,True,22,22,1.49
bw-9-7235-19,astar,"{'name': 'nn_plact', 'nn': {'name': 'gms', 'arch': 'keras'}}",9,True,20,20,1.46
bw-9-7235-20,astar,"{'name': 'nn_plact', 'nn': {'name': 'gms', 'arch': 'keras'}}",9,True,18,18,1.42
bw-9-7235-21,astar,"{'name': 'nn_plact', 'nn': {'name': 'gms', 'arch': 'keras'}}",9,True,24,32,1.62
bw-9-7235-22,astar,"{'name': 'nn_plact', 'nn': {'name': 'gms', 'arch': 'keras'}}",9,True,26,27,1.65
bw-9-7235-23,astar,"{'name': 'nn_plact', 'nn': {'name': 'gms', 'arch': 'keras'}}",9,True,28,28,1.59
bw-9-7235-24,astar,"{'name': 'nn_plact', 'nn': {'name': 'gms', 'arch': 'keras'}}",9,True,20,20,1.45
bw-9-7235-25,astar,"{'name': 'nn_plact', 'nn': {'name': 'gms', 'arch': 'keras'}}",9,True,14,14,1.37
bw-9-7235-26,astar,"{'name': 'nn_plact', 'nn': {'name': 'gms', 'arch': 'keras'}}",9,True,24,33,1.69
bw-9-7235-27,astar,"{'name': 'nn_plact', 'nn': {'name': 'gms', 'arch': 'keras'}}",9,True,16,16,1.60
bw-9-7235-28,astar,"{'name': 'nn_plact', 'nn': {'name': 'gms', 'arch': 'keras'}}",9,True,16,16,1.43
bw-9-7235-29,astar,"{'name': 'nn_plact', 'nn': {'name': 'gms', 'arch': 'keras'}}",9,True,22,22,1.44
bw-9-7235-30,astar,"{'name': 'nn_plact', 'nn': {'name': 'gms', 'arch': 'keras'}}",9,True,26,27,1.59
bw-9-7235-31,astar,"{'name': 'nn_plact', 'nn': {'name': 'gms', 'arch': 'keras'}}",9,True,24,24,1.64
bw-9-7235-32,astar,"{'name': 'nn_plact', 'nn': {'name': 'gms', 'arch': 'keras'}}",9,True,16,16,1.60
bw-9-7235-33,astar,"{'name': 'nn_plact', 'nn': {'name': 'gms', 'arch': 'keras'}}",9,True,22,22,1.66
bw-9-7235-34,astar,"{'name': 'nn_plact', 'nn': {'name': 'gms', 'arch': 'keras'}}",9,True,16,16,1.42
bw-9-7235-35,astar,"{'name': 'nn_plact', 'nn': {'name': 'gms', 'arch': 'keras'}}",9,True,20,82,2.17
bw-9-7235-36,astar,"{'name': 'nn_plact', 'nn': {'name': 'gms', 'arch': 'keras'}}",9,True,20,20,1.44
bw-9-7235-37,astar,"{'name': 'nn_plact', 'nn': {'name': 'gms', 'arch': 'keras'}}",9,True,20,20,1.48
bw-9-7235-38,astar,"{'name': 'nn_plact', 'nn': {'name': 'gms', 'arch': 'keras'}}",9,True,18,18,1.43
bw-9-7235-39,astar,"{'name': 'nn_plact', 'nn': {'name': 'gms', 'arch': 'keras'}}",9,True,16,16,1.40
bw-9-7235-40,astar,"{'name': 'nn_plact', 'nn': {'name': 'gms', 'arch': 'keras'}}",9,True,18,18,1.36
bw-9-7235-41,astar,"{'name': 'nn_plact', 'nn': {'name': 'gms', 'arch': 'keras'}}",9,True,18,18,1.54
bw-9-7235-42,astar,"{'name': 'nn_plact', 'nn': {'name': 'gms', 'arch': 'keras'}}",9,True,16,16,1.58
bw-9-7235-43,astar,"{'name': 'nn_plact', 'nn': {'name': 'gms', 'arch': 'keras'}}",9,True,22,22,1.54
bw-9-7235-44,astar,"{'name': 'nn_plact', 'nn': {'name': 'gms', 'arch': 'keras'}}",9,True,20,20,1.43
bw-9-7235-45,astar,"{'name': 'nn_plact', 'nn': {'name': 'gms', 'arch': 'keras'}}",9,True,18,18,1.52
bw-9-7235-46,astar,"{'name': 'nn_plact', 'nn': {'name': 'gms', 'arch': 'keras'}}",9,True,26,26,1.67
bw-9-7235-47,astar,"{'name': 'nn_plact', 'nn': {'name': 'gms', 'arch': 'keras'}}",9,True,16,16,1.41
bw-9-7235-48,astar,"{'name': 'nn_plact', 'nn': {'name': 'gms', 'arch': 'keras'}}",9,True,22,22,1.49
bw-9-7235-49,astar,"{'name': 'nn_plact', 'nn': {'name': 'gms', 'arch': 'keras'}}",9,True,24,24,1.46
bw-9-7235-50,astar,"{'name': 'nn_plact', 'nn': {'name': 'gms', 'arch': 'keras'}}",9,True,12,12,1.44
bw-9-7235-51,astar,"{'name': 'nn_plact', 'nn': {'name': 'gms', 'arch': 'keras'}}",9,True,20,20,1.64
bw-9-7235-52,astar,"{'name': 'nn_plact', 'nn': {'name': 'gms', 'arch': 'keras'}}",9,True,22,22,1.56
bw-9-7235-53,astar,"{'name': 'nn_plact', 'nn': {'name': 'gms', 'arch': 'keras'}}",9,True,20,20,1.45
bw-9-7235-54,astar,"{'name': 'nn_plact', 'nn': {'name': 'gms', 'arch': 'keras'}}",9,True,16,16,1.54
bw-9-7235-55,astar,"{'name': 'nn_plact', 'nn': {'name': 'gms', 'arch': 'keras'}}",9,True,26,28,1.49
bw-9-7235-56,astar,"{'name': 'nn_plact', 'nn': {'name': 'gms', 'arch': 'keras'}}",9,True,26,26,1.69
bw-9-7235-57,astar,"{'name': 'nn_plact', 'nn': {'name': 'gms', 'arch': 'keras'}}",9,True,18,18,1.45
bw-9-7235-58,astar,"{'name': 'nn_plact', 'nn': {'name': 'gms', 'arch': 'keras'}}",9,True,30,34,1.75
bw-9-7235-59,astar,"{'name': 'nn_plact', 'nn': {'name': 'gms', 'arch': 'keras'}}",9,True,18,18,1.47
bw-9-7235-60,astar,"{'name': 'nn_plact', 'nn': {'name': 'gms', 'arch': 'keras'}}",9,True,16,16,1.37
